file	num_segments	speech_seconds	num_words	video_seconds
Kino110.1 Tecknad reklamfilm 1926.mpg	24	39.24	123	624
Kino111A-I.1.mpg	825	1467.22	5844	4734
Kino114.1.mpg	154	563.01	1671	798
Kino121.1.mpg	29	56.77	216	780
Kino130.1.mpg	117	507.22	1417	610
Kino131A-B.1.mpg	312	484.96	1960	1546
Kino131A.1.mpg	220	275.28	1386	861
Kino132.1.mpg	71	313.42	832	758
Kino133.1.mpg	97	255.50	875	430
Kino13A.1.mpg	46	216.92	474	702
Kino13B.1.mpg	41	220.41	438	484
Kino13C.1.mpg	41	161.31	386	578
Kino13D.1.mpg	36	166.21	364	583
Kino13E.1.mpg	22	121.90	284	266
Kino14.1.mpg	90	252.65	907	575
Kino140.1.mpg	18	92.69	280	926
Kino141.1.mpg	58	141.57	524	327
Kino143D.1.mpg	13	30.10	46	271
Kino146A-B.1.mpg	233	1007.74	3111	1470
Kino155A.1.mpg	54	223.03	635	620
Kino165.1.mpg	75	289.28	938	1014
Kino166A.1.mpg	136	494.91	1409	620
Kino166B.1.mpg	100	400.19	1090	493
Kino167.1.mpg	124	466.96	1493	706
Kino176.1.mpg	126	129.55	664	724
Kino177A.1.mpg	71	287.02	716	635
Kino177B.1.mpg	80	339.78	876	592
Kino178A.1.mpg	72	152.86	516	649
Kino178B.1.mpg	58	166.61	462	469
Kino179A.1.mpg	49	197.52	530	574
Kino179B.1.mpg	28	154.85	406	594
Kino179C.1.mpg	21	85.73	212	224
Kino18.1.mpg	17	88.68	180	323
Kino180.1.mpg	38	184.19	472	306
Kino182B.1.mpg	64	145.69	560	624
Kino182C.1.mpg	73	460.13	1269	609
Kino183.1.mpg	55	168.80	595	304
Kino185.1.mpg	5	4.34	36	544
Kino19.1.mpg	26	159.85	370	382
Kino190A.1.mpg	43	188.74	533	593
Kino190B.1.mpg	24	126.44	284	181
Kino190C.1.mpg	120	206.00	797	520
Kino191.1.mpg	167	345.39	1254	637
Kino192.1.mpg	177	296.69	1037	529
Kino193.1.mpg	170	383.10	1156	652
Kino194A.1.mpg	147	261.95	1190	648
Kino194B.1.mpg	114	202.46	884	626
Kino194C.1.mpg	154	259.23	1086	587
Kino194D.1.mpg	70	227.79	727	607
Kino195.1.mpg	182	391.30	1414	639
Kino196.1.mpg	112	316.66	1026	469
Kino197A.1.mpg	247	491.71	1640	691
Kino197B.1.mpg	280	448.80	1923	833
Kino197C.1.mpg	175	368.12	1612	640
Kino197D.1.mpg	197	346.70	1567	700
Kino198.1.mpg	145	411.60	1221	749
Kino199.1.mpg	123	504.79	1310	767
Kino200.1.mpg	139	406.46	1261	731
Kino201.1.mpg	106	327.18	1005	694
Kino202.1.mpg	75	231.94	550	730
Kino211.1.mpg	40	175.92	661	530
Kino212.1.mpg	58	227.45	675	805
Kino213A.1.mpg	131	769.02	1714	932
Kino213B.1.mpg	102	797.37	1906	903
Kino214.1.mpg	57	315.89	812	760
Kino220.1.mpg	51	77.46	297	898
Kino221A-E.1.mpg	441	1531.57	3814	2986
Kino222.1.mpg	86	562.39	1183	876
Kino223.1.mpg	61	328.99	810	585
Kino224.1.mpg	102	408.86	1261	789
Kino225.1.mpg	95	415.83	1147	605
Kino226.1.mpg	146	690.98	1941	909
Kino228.1.mpg	176	411.19	1320	857
Kino229.1.mpg	83	375.43	1069	630
Kino230.1.mpg	45	238.19	618	664
Kino231.1.mpg	68	340.60	849	607
Kino232.1.mpg	100	505.23	1208	637
Kino233.1.mpg	39	260.78	747	419
Kino236.1.mpg	105	656.71	1608	801
Kino237A.1.mpg	59	219.67	603	596
Kino237B.1.mpg	16	38.17	228	523
Kino239.1.mpg	70	351.54	1159	520
Kino240.1.mpg	93	413.76	1279	964
Kino241.1.mpg	118	573.72	1313	889
Kino242.1.mpg	60	269.19	791	720
Kino243.1.mpg	113	608.41	1568	925
Kino244.1.mpg	118	600.24	1572	955
Kino245.1.mpg	31	145.96	337	723
Kino246.1.mpg	76	405.66	1149	561
Kino247A-B.1.mpg	129	590.08	1667	1053
Kino248.1.mpg	48	264.54	640	894
Kino249.1.mpg	104	468.33	1382	780
Kino250.1.mpg	117	375.37	1255	633
Kino251.1.mpg	91	569.56	1225	703
Kino252.1.mpg	91	370.80	925	669
Kino253.1.mpg	75	395.56	1141	739
Kino254.1.mpg	90	408.65	1271	808
Kino255.1.mpg	100	572.15	1527	863
Kino256.1.mpg	56	191.69	483	592
Kino257.1.mpg	32	50.49	407	575
Kino258.1.mpg	5	10.19	71	502
Kino259.1.mpg	141	466.17	1520	834
Kino261A-B.1.mpg	152	758.73	2008	1322
Kino263.1.mpg	89	413.36	1174	593
Kino264.1.mpg	74	390.86	833	623
Kino265.1.mpg	121	581.25	1595	749
Kino266.1.mpg	105	464.96	1446	674
Kino267.1.mpg	77	389.35	1054	643
Kino268.1.mpg	72	412.97	1000	658
Kino269.1.mpg	70	473.90	1213	704
Kino270.1.mpg	86	413.31	1179	609
Kino271.1.mpg	69	399.50	1178	666
Kino272.1.mpg	118	598.52	1635	758
Kino273.1.mpg	70	457.50	1209	677
Kino274A.1.mpg	82	433.69	1169	550
Kino274B.1.mpg	87	453.71	1254	559
Kino274C.1.mpg	91	499.52	1368	610
Kino274D.1.mpg	99	611.04	1508	760
Kino275.1.mpg	122	722.49	1849	944
Kino276A.1.mpg	68	362.52	1030	482
Kino277.1.mpg	83	525.57	1298	744
Kino278.1.mpg	99	467.87	1437	661
Kino279.1.mpg	78	302.50	919	443
Kino28.1.mpg	32	121.07	371	526
Kino280A.1.mpg	122	479.52	1457	705
Kino282.1.mpg	76	364.26	973	453
Kino283.1.mpg	105	457.10	1476	657
Kino284.1.mpg	98	476.98	1363	660
Kino286.1.mpg	105	447.04	1265	567
Kino289A-C.1.mpg	228	1227.75	3135	1816
Kino290.1.mpg	91	419.55	1169	584
Kino291A-B.1.mpg	148	726.47	2244	1072
Kino292.1.mpg	102	572.40	1469	749
Kino293.1.mpg	94	426.42	1322	612
Kino295A-B.1.mpg	140	922.82	2659	1149
Kino296A-D.1.mpg	252	1363.71	3334	1968
Kino297A-D.1.mpg	265	1321.60	3492	2067
Kino298A.1.mpg	54	225.89	703	677
Kino298B.1.mpg	18	77.34	205	373
Kino298C.1.mpg	69	281.78	756	601
Kino298D.1.mpg	58	241.00	650	513
Kino299A-B.1.mpg	114	633.36	1708	1241
Kino30.1.mpg	56	280.33	831	664
Kino301.1.mpg	83	448.27	1136	696
Kino302A-B.1.mpg	138	678.89	1793	1078
Kino303AB.1.mpg	134	662.53	1719	1017
Kino306A-D.1.mpg	632	1457.27	4987	2648
Kino308.1.mpg	95	334.42	873	691
Kino309.1.mpg	6	13.94	48	601
Kino31.1.mpg	138	465.71	1591	758
Kino310A-B.1.mpg	18	59.65	108	915
Kino312C.1.mpg	29	15.39	100	454
Kino313A.1.mpg	80	434.45	925	565
Kino313B.1.mpg	124	668.18	1572	826
Kino316.1.mpg	139	575.38	1622	782
Kino318.1.mpg	67	149.57	493	283
Kino319A.1.mpg	156	452.18	1500	594
Kino319B.1.mpg	134	366.58	1231	612
Kino319C.1.mpg	136	435.22	1383	617
Kino319D.1.mpg	66	278.44	725	470
Kino320A-B.1.mpg	112	524.08	1406	784
Kino321A-B.1.mpg	77	415.91	854	728
Kino322A-B.1.mpg	173	850.74	2362	1324
Kino323A-B.1.mpg	125	669.24	1677	888
Kino324A-B.1.mpg	64	275.34	827	486
Kino325A-B.1.mpg	148	564.11	1538	1180
Kino326.1.mpg	159	513.37	1521	946
Kino327A-C.1.mpg	145	921.74	2150	1534
Kino349.1.mpg	23	162.75	417	510
Kino351.1.mpg	23	204.91	483	344
Kino37.1.mpg	31	133.11	364	438
Kino38.1.mpg	60	137.41	402	626
Kino40.1.mpg	102	423.89	1185	925
Kino41.1.mpg	69	283.91	844	702
Kino43.1.mpg	49	244.83	586	586
Kino44.1.mpg	113	397.02	1129	573
Kino45.1.mpg	70	360.39	900	792
Kino46.1.mpg	62	360.73	804	730
Kino47.1.mpg	81	423.94	1101	649
Kino48.1.mpg	39	183.18	477	484
Kino49.1.mpg	129	561.14	1633	960
Kino50.1.mpg	130	621.69	1864	728
Kino51.1.mpg	95	520.19	1293	908
Kino53A.1.mpg	65	320.19	959	606
Kino53B.1.mpg	49	281.79	663	411
Kino54.1.mpg	111	482.16	1378	779
Kino59.1.mpg	31	184.13	370	661
Kino61.1.mpg	81	301.98	849	901
Kino614.1.mpg	58	262.03	670	707
Kino62.1.mpg	62	373.37	874	691
Kino67.1.mpg	133	437.78	1581	746
Kino68A.1.mpg	83	487.68	1255	618
Kino68B.1.mpg	100	523.14	1440	767
Kino69.1.mpg	111	455.93	1314	803
Kino7.1.mpg	8	66.64	118	483
Kino70A.1.mpg	203	281.68	1223	563
Kino70B.1.mpg	161	175.07	974	441
Kino70C.1.mpg	81	153.93	527	556
Kino72.1.mpg	136	610.01	1680	808
Kino73.1.mpg	122	555.72	1511	728
Kino75.1.mpg	36	209.69	476	742
Kino78.1.mpg	108	435.27	1297	622
Kino80.1.mpg	168	442.08	1361	639
Kino82.1.mpg	101	246.57	919	483
Kino83.1.mpg	29	60.03	338	729
Kino84.1.mpg	46	195.02	530	256
Kino85.1.mpg	93	359.65	1211	755
Kino86.1.mpg	72	232.41	947	948
Kino87.1.mpg	103	526.99	1471	898
Kino88.1.mpg	80	424.56	1166	662
Kino9.1.mpg	4	1.02	8	671
MOT.1.mpg	118	368.16	1306	689
Nuet100A.1.mpg	97	386.42	1252	599
Nuet100C.1.mpg	39	145.28	525	694
Nuet101A.1.mpg	79	334.04	1144	530
Nuet102A.1.mpg	98	331.39	1200	631
Nuet103A.1.mpg	102	404.61	1322	652
Nuet103B.1.mpg	104	373.34	1340	634
Nuet103C.1.mpg	86	382.99	1184	609
Nuet104-1.1.mpg	55	252.06	557	484
Nuet104-2.1.mpg	123	288.20	1004	429
Nuet104-3.1.mpg	76	220.80	792	433
Nuet104-4.1.mpg	127	351.66	1192	545
Nuet104-5.1.mpg	109	331.67	924	560
Nuet104-6.1.mpg	170	381.81	1510	623
Nuet10A.1.mpg	77	304.04	1030	578
Nuet11A.1.mpg	82	329.62	1235	594
Nuet12.1.mpg	60	259.68	893	609
Nuet13A.1.mpg	81	343.19	1146	607
Nuet14.1.mpg	113	360.72	1321	654
Nuet15A.1.mpg	94	380.90	1270	621
Nuet15B.1.mpg	38	140.46	534	274
Nuet15C.1.mpg	3	21.00	80	659
Nuet16A.1.mpg	94	294.15	1074	627
Nuet17A.1.mpg	72	315.45	1118	621
Nuet18A.1.mpg	133	491.61	1676	783
Nuet19A.1.mpg	112	312.06	1041	560
Nuet19B.1.mpg	77	236.52	816	407
Nuet19C.1.mpg	86	345.08	1130	513
Nuet19D.1.mpg	70	232.93	812	467
Nuet19E.1.mpg	115	378.22	1265	620
Nuet19F.1.mpg	126	395.09	1285	633
Nuet19G.1.mpg	93	371.22	1126	626
Nuet19H.1.mpg	86	303.44	1060	512
Nuet19I.1.mpg	114	337.06	1274	602
Nuet19J.1.mpg	88	310.76	1055	639
Nuet1A.1.mpg	85	328.54	937	691
Nuet20A.1.mpg	89	307.36	1070	620
Nuet21.1.mpg	35	125.82	428	711
Nuet22A.1.mpg	63	242.62	884	541
Nuet22B.1.mpg	6	32.26	114	795
Nuet23A.1.mpg	71	351.27	1121	588
Nuet24A.1.mpg	118	399.32	1469	678
Nuet25A.1.mpg	82	306.18	1055	666
Nuet25C.1.mpg	8	27.06	85	432
Nuet26A.1.mpg	84	385.44	1201	669
Nuet27A.1.mpg	124	390.25	1373	644
Nuet27B.1.mpg	5	27.10	79	750
Nuet28A.1.mpg	84	360.98	1203	641
Nuet29A.1.mpg	116	416.22	1361	735
Nuet2A.1.mpg	112	411.78	1300	737
Nuet30A.1.mpg	81	297.25	1060	536
Nuet31A.1.mpg	76	297.19	1008	519
Nuet32A.1.mpg	84	318.34	1119	526
Nuet33A.1.mpg	80	297.35	1057	485
Nuet34A.1.mpg	105	357.05	1127	572
Nuet35A.1.mpg	140	494.02	1722	816
Nuet36A.1.mpg	104	377.13	1290	575
Nuet37.1.mpg	88	333.16	1144	682
Nuet38A.1.mpg	102	380.13	1305	554
Nuet39A.1.mpg	87	298.67	1082	552
Nuet3A.1.mpg	77	275.02	846	533
Nuet40.1.mpg	117	349.18	1205	690
Nuet41A.1.mpg	87	320.22	1112	530
Nuet41B.1.mpg	36	181.47	544	600
Nuet42A.1.mpg	94	389.36	1348	567
Nuet43A.1.mpg	90	399.49	1212	557
Nuet45A.1.mpg	91	343.90	1186	551
Nuet46A.1.mpg	91	347.29	1324	605
Nuet47A.1.mpg	78	273.98	937	437
Nuet48A.1.mpg	121	434.94	1370	594
Nuet48C.1.mpg	43	151.88	425	699
Nuet49A.1.mpg	88	328.50	1126	527
Nuet4A.1.mpg	79	239.09	871	552
Nuet50A.1.mpg	102	353.81	1203	510
Nuet51A.1.mpg	80	319.38	1040	477
Nuet52A.1.mpg	86	323.31	1150	530
Nuet53A.1.mpg	63	251.68	923	499
Nuet54A.1.mpg	107	451.69	1513	747
Nuet55A.1.mpg	130	473.99	1683	675
Nuet55D.1.mpg	32	81.22	307	736
Nuet56.1.mpg	99	346.59	1203	576
Nuet57A.1.mpg	96	361.69	1200	572
Nuet58.1.mpg	107	377.26	1181	560
Nuet59A.1.mpg	70	292.00	939	559
Nuet60A.1.mpg	92	374.47	1259	596
Nuet61A.1.mpg	90	361.17	1093	541
Nuet62A.1.mpg	83	302.09	1031	580
Nuet63A.1.mpg	68	262.57	905	506
Nuet63B.1.mpg	69	268.61	835	834
Nuet64A.1.mpg	79	305.60	1098	533
Nuet64B.1.mpg	39	160.91	546	535
Nuet65A.1.mpg	71	343.44	1103	643
Nuet66A.1.mpg	108	411.13	1324	621
Nuet66B.1.mpg	42	182.17	496	513
Nuet66D.1.mpg	90	326.48	982	809
Nuet67A.1.mpg	101	378.79	1259	700
Nuet67C.1.mpg	54	99.32	442	628
Nuet68A.1.mpg	82	320.17	958	545
Nuet68B.1.mpg	78	345.38	911	591
Nuet69A.1.mpg	135	415.54	1436	730
Nuet6A.1.mpg	67	285.82	921	587
Nuet70A.1.mpg	79	392.39	1175	584
Nuet71A.1.mpg	107	342.91	1141	648
Nuet72A.1.mpg	101	313.17	1130	507
Nuet73A.1.mpg	91	289.35	1006	550
Nuet74A.1.mpg	86	375.19	1145	576
Nuet75A.1.mpg	101	323.60	1122	527
Nuet76A.1.mpg	107	383.88	1264	608
Nuet77A.1.mpg	117	359.78	1150	599
Nuet78A.1.mpg	65	272.60	925	464
Nuet79A.1.mpg	93	334.13	1190	605
Nuet7A.1.mpg	80	295.72	991	607
Nuet7B.1.mpg	60	143.22	566	698
Nuet80A.1.mpg	84	294.13	1053	476
Nuet81A.1.mpg	118	347.35	1184	575
Nuet81C.1.mpg	51	236.84	730	748
Nuet82A.1.mpg	90	379.22	1125	597
Nuet83A.1.mpg	107	419.66	1332	651
Nuet84A.1.mpg	115	342.57	1246	527
Nuet85A.1.mpg	101	319.48	1189	519
Nuet86A.1.mpg	92	297.99	1074	494
Nuet87A.1.mpg	97	356.43	1217	603
Nuet87B.1.mpg	2	2.76	9	666
Nuet88.1.mpg	85	326.33	1190	533
Nuet89A.1.mpg	74	314.67	1027	570
Nuet8A.1.mpg	68	268.66	920	564
Nuet90A.1.mpg	121	420.88	1379	620
Nuet91A.1.mpg	139	418.83	1414	705
Nuet92A.1.mpg	116	462.96	1380	649
Nuet93A.1.mpg	111	378.11	1260	588
Nuet94A.1.mpg	77	274.94	973	512
Nuet94B.1.mpg	49	202.34	605	642
Nuet95A.1.mpg	67	277.19	959	503
Nuet96A.1.mpg	82	339.25	1066	580
Nuet97A.1.mpg	77	316.09	1059	531
Nuet98A.1.mpg	90	297.54	1010	535
Nuet99A.1.mpg	95	318.09	1096	579
Nuet9A.1.mpg	97	266.59	1117	564
R1032.1.mpg	31	172.38	497	298
R1033.1.mpg	63	323.84	987	522
R1205.1.mpg	119	300.16	1030	784
SF1000.1.mpg	78	471.06	1295	775
SF1001A.1.mpg	54	259.33	737	784
SF1001B.1.mpg	27	83.05	217	514
SF1002.1.mpg	34	203.38	584	519
SF1003A.1.mpg	40	237.38	736	414
SF1003B.1.mpg	61	269.16	686	665
SF1004.1.mpg	35	149.64	548	483
SF1005.1 Böckdtröm visar kamera på Liljevalchs, 1939.mpg	58	286.97	920	538
SF1006.1.mpg	60	327.90	1011	570
SF1007.1.mpg	31	203.93	605	603
SF1008.1.mpg	32	162.62	483	408
SF1009A.1.mpg	34	217.55	611	455
SF1009B.1.mpg	51	176.46	496	845
SF1010A.1.mpg	30	158.80	418	374
SF1010B.1.mpg	150	308.22	1020	433
SF1011.1.mpg	19	118.48	306	498
SF1012.1.mpg	33	202.31	607	357
SF1013A.1.mpg	80	465.23	1438	777
SF1013B.1.mpg	21	84.38	248	783
SF1014.1.mpg	58	301.38	877	571
SF1015A.1.mpg	27	138.83	438	349
SF1015B.1.mpg	2	0.64	5	683
SF1015C.1.mpg	37	115.43	471	631
SF1016A.1.mpg	49	266.93	771	633
SF1016B.1.mpg	44	145.79	447	309
SF1017.1.mpg	64	342.48	1053	507
SF1018.1.mpg	31	152.52	557	429
SF1019.1.mpg	54	279.61	790	654
SF1020A.1.mpg	32	188.00	601	396
SF1020B.1.mpg	52	122.39	467	684
SF1021.1.mpg	54	271.42	767	551
SF1022.1.mpg	84	400.84	1257	785
SF1023A.1.mpg	38	232.18	729	521
SF1024A.1.mpg	43	227.69	710	707
SF1024B.1.mpg	57	229.51	718	750
SF1024C.1.mpg	73	212.41	856	778
SF1024D.1.mpg	2	0.12	2	528
SF1025A.1.mpg	67	343.47	1001	882
SF1025B.1.mpg	119	405.45	1341	674
SF1025C.1.mpg	11	55.27	190	521
SF1025D.1.mpg	50	262.87	680	710
SF1026A.1.mpg	55	250.33	725	562
SF1026B.1.mpg	86	211.81	760	720
SF1026C.1.mpg	13	76.73	220	553
SF1027A.1.mpg	56	255.27	704	842
SF1027B.1.mpg	32	69.65	321	825
SF1027C.1.mpg	78	276.74	1084	571
SF1027D.1.mpg	58	226.35	626	788
SF1028A.1.mpg	33	193.26	532	387
SF1028B.1.mpg	40	127.91	457	605
SF1028C.1.mpg	6	1.53	7	790
SF1029.1.mpg	23	135.55	401	250
SF1030.1.mpg	35	163.68	476	530
SF1031.1.mpg	136	672.00	1857	1491
SF1032A.1.mpg	47	284.91	686	500
SF1032B.1.mpg	31	140.34	466	614
SF1033.1.mpg	89	433.37	1250	825
SF1034.1.mpg	52	196.03	567	745
SF1035.1.mpg	28	163.43	471	624
SF1036.1.mpg	60	316.71	962	535
SF1037A.1.mpg	45	251.88	665	918
SF1037C.1.mpg	67	284.29	699	779
SF1037D.1.mpg	86	238.77	1027	736
SF1037F.1.mpg	12	17.39	23	862
SF1037G.1.mpg	9	44.11	139	765
SF1038A.1.mpg	33	161.41	463	618
SF1039A.1.mpg	57	230.51	689	598
SF1039B.1.mpg	40	188.66	454	708
SF1040.1.mpg	26	145.11	410	659
SF1041A.1.mpg	35	147.12	454	615
SF1042A.1.mpg	28	115.58	360	641
SF1042B.1.mpg	1	0.80	5	490
SF1042C.1.mpg	1	0.12	2	538
SF1043A.1.mpg	7	58.10	141	714
SF1043C.1.mpg	71	250.85	918	666
SF1044.1.mpg	31	168.73	484	608
SF1045A.1.mpg	34	184.68	491	513
SF1045B.1.mpg	2	8.10	28	661
SF1045C.1.mpg	32	127.16	450	595
SF1046.1.mpg	16	90.62	260	376
SF1047.1.mpg	154	398.37	1277	869
SF1048A.1.mpg	41	219.67	648	606
SF1048B.1.mpg	89	318.32	1097	640
SF1049A.1.mpg	20	118.38	328	322
SF1050.1.mpg	60	278.32	812	535
SF1051.1.mpg	27	170.58	438	512
SF1052A.1.mpg	60	324.80	879	785
SF1052B.1.mpg	29	88.72	185	515
SF1053A.1.mpg	55	205.21	677	836
SF1053B.1.mpg	39	157.07	459	597
SF1054.1.mpg	52	255.52	792	614
SF1055A.1.mpg	47	211.44	631	573
SF1055B.1.mpg	81	176.34	1005	694
SF1055C.1.mpg	86	295.80	842	539
SF1055D.1.mpg	1	0.54	4	740
SF1055E.1.mpg	14	29.32	99	725
SF1056.1.mpg	33	156.02	450	461
SF1057A.1.mpg	25	139.73	386	514
SF1057B.1.mpg	4	3.30	25	652
SF1058.1.mpg	26	127.23	392	496
SF1059A.1.mpg	44	206.46	595	732
SF1059B.1.mpg	39	90.18	410	560
SF1060.1.mpg	65	303.39	866	853
SF1061A.1.mpg	56	254.03	731	758
SF1061C.1.mpg	23	112.47	291	825
SF1063A.1.mpg	74	445.31	1176	663
SF1063C.1.mpg	30	158.82	424	423
SF1064A.1.mpg	28	158.36	441	447
SF1064B.1.mpg	40	190.06	527	550
SF1065.1.mpg	50	226.29	656	910
SF1066.1.mpg	30	146.48	486	723
SF1067.1.mpg	23	119.14	344	859
SF1068.1.mpg	30	163.21	478	480
SF1069.1.mpg	69	315.19	856	688
SF1070.1.mpg	51	270.68	747	442
SF1071A.1.mpg	54	298.08	776	668
SF1071B.1.mpg	34	153.45	313	994
SF1072A.1.mpg	41	223.36	617	399
SF1072B.1.mpg	12	54.39	151	576
SF1072D.1.mpg	44	239.42	729	732
SF1073A.1.mpg	91	412.19	1276	759
SF1074.1.mpg	96	300.08	992	654
SF1075.1.mpg	62	277.47	931	814
SF1076.1.mpg	32	128.24	425	915
SF1077.1.mpg	28	117.48	367	816
SF1078A.1.mpg	87	363.47	1151	849
SF1078B.1.mpg	6	1.56	8	510
SF1079A.1.mpg	70	268.66	911	560
SF1080.1.mpg	79	322.18	1114	517
SF1081.1.mpg	92	310.99	1144	804
SF1082A.1.mpg	66	403.98	1113	639
SF1083A.1.mpg	24	120.48	322	612
SF1083B.1.mpg	144	500.82	1581	630
SF1084.1.mpg	45	225.18	674	593
SF1085.1.mpg	56	315.04	922	651
SF1086.1.mpg	27	152.39	422	487
SF1087A.1.mpg	80	376.59	1255	562
SF1087B.1.mpg	64	192.18	577	722
SF1088.1.mpg	65	305.77	909	667
SF1089.1.mpg	76	289.15	948	801
SF1090.1.mpg	80	259.25	980	629
SF1091A.1.mpg	39	165.16	512	497
SF1091B.1.mpg	89	234.95	962	636
SF1092.1.mpg	34	145.46	465	642
SF1093.1.mpg	44	169.46	544	607
SF1094A.1.mpg	48	198.43	571	578
SF1094B.1.mpg	62	212.06	654	347
SF1094C.1.mpg	6	30.33	102	684
SF1095.1.mpg	44	211.37	695	659
SF1096A.1.mpg	42	187.15	599	623
SF1096B.1.mpg	22	84.57	265	321
SF1097.1.mpg	52	243.64	777	738
SF1098A.1.mpg	42	239.77	754	687
SF1099A.1.mpg	92	246.64	878	629
SF1099B.1.mpg	62	213.84	710	560
SF1099C.1.mpg	11	42.63	132	569
SF1099D.1.mpg	39	146.46	348	709
SF1099E.1.mpg	33	91.37	206	573
SF1100.1.mpg	60	281.54	826	738
SF1101.1.mpg	55	199.68	628	610
SF1102A.1.mpg	40	150.87	493	466
SF1102B.1.mpg	40	121.51	384	390
SF1102C.1.mpg	19	58.70	196	621
SF1103.1.mpg	70	256.13	816	578
SF1104A.1.mpg	54	221.53	758	483
SF1104B.1.mpg	29	113.69	351	612
SF1104C.1.mpg	45	145.48	618	368
SF1105A.1.mpg	74	179.19	647	512
SF1105B.1.mpg	59	187.93	628	704
SF1106A.1.mpg	66	302.24	1010	629
SF1106B.1.mpg	53	195.55	468	530
SF1107A.1.mpg	38	220.05	622	603
SF1107B.1.mpg	5	22.67	59	327
SF1107C.1.mpg	101	458.18	1396	679
SF1107D.1.mpg	72	235.68	688	563
SF1108.1.mpg	56	208.29	700	629
SF1109.1.mpg	105	324.29	1050	770
SF1110.1.mpg	41	173.98	530	681
SF1111A.1.mpg	57	268.71	774	491
SF1111B.1.mpg	46	145.93	515	674
SF1111C.1.mpg	52	162.23	485	718
SF1112.1.mpg	114	494.63	1414	921
SF1113A.1.mpg	50	255.35	657	586
SF1113B.1.mpg	24	95.29	300	492
SF1113C.1.mpg	68	275.46	717	773
SF1113D.1.mpg	78	309.50	965	636
SF1114A.1.mpg	46	255.49	735	663
SF1114B.1.mpg	64	250.65	761	511
SF1115A.1.mpg	63	240.03	753	627
SF1115B.1.mpg	60	215.19	698	738
SF1115C.1.mpg	58	283.30	811	563
SF1116A.1.mpg	24	111.16	386	340
SF1116B.1.mpg	56	243.09	776	782
SF1116C.1.mpg	36	129.12	418	539
SF1116D.1.mpg	57	241.96	570	908
SF1117.1.mpg	63	283.59	896	661
SF1118.1.mpg	67	383.06	1009	820
SF1119A.1.mpg	40	214.45	626	432
SF1119B.1.mpg	98	319.09	1048	855
SF1119C.1.mpg	27	92.05	169	398
SF1120.1.mpg	38	203.87	618	573
SF1121.1.mpg	73	228.61	777	574
SF1122.1.mpg	56	267.23	770	679
SF1123A.1.mpg	48	199.95	701	574
SF1123B.1.mpg	51	188.48	582	570
SF1124A.1.mpg	107	353.75	1206	652
SF1125.1.mpg	68	277.85	921	557
SF1126.1.mpg	152	595.90	2067	908
SF1127A.1.mpg	80	331.29	1110	631
SF1127B.1.mpg	46	218.83	600	609
SF1128A.1.mpg	76	282.63	947	709
SF1128B.1.mpg	43	148.06	450	400
SF1128C.1.mpg	48	202.83	528	613
SF1128D.1.mpg	14	39.58	120	531
SF1128E.1.mpg	90	334.04	994	711
SF1129.1.mpg	48	226.72	699	671
SF1130A.1.mpg	80	288.58	899	787
SF1130B.1.mpg	87	305.34	997	651
SF1130C.1.mpg	74	319.58	937	655
SF1130D.1.mpg	67	212.85	723	575
SF1131A.1.mpg	54	257.51	735	613
SF1131B.1.mpg	162	400.99	1235	706
SF1132.1.mpg	70	227.26	702	659
SF1133.1.mpg	68	269.48	615	948
SF1133A.1.mpg	84	296.22	999	827
SF1134A.1.mpg	59	254.51	813	655
SF1134B.1.mpg	82	251.14	821	667
SF1135A.1.mpg	88	431.41	1364	685
SF1135B.1.mpg	50	235.96	778	712
SF1135C.1.mpg	78	294.43	896	695
SF1136.1.mpg	74	285.17	910	695
SF1137A.1.mpg	66	261.36	910	699
SF1137B.1.mpg	88	314.43	1034	587
SF1137C.1.mpg	101	348.24	1109	720
SF1138.1.mpg	99	393.17	1213	854
SF1139.1.mpg	42	112.41	495	643
SF1140A.1.mpg	67	293.50	939	954
SF1140B.1.mpg	123	401.06	1256	825
SF1141A.1.mpg	71	225.57	743	409
SF1141B.1.mpg	60	273.74	822	643
SF1142.1.mpg	110	501.28	1627	822
SF1143A.1.mpg	44	169.59	557	351
SF1143B.1.mpg	29	113.79	347	912
SF1144.1.mpg	95	455.25	1364	688
SF1145A.1.mpg	61	308.07	917	581
SF1145B.1.mpg	69	232.03	774	770
SF1146.1.mpg	68	340.16	1042	576
SF1147A.1.mpg	61	374.25	926	795
SF1147B.1.mpg	50	184.28	573	868
SF1147C.1.mpg	12	48.04	141	648
SF1148.1.mpg	100	440.15	1364	840
SF1149.1.mpg	71	222.37	755	606
SF1150.1.mpg	83	392.35	1374	811
SF1151.1.mpg	70	270.38	874	597
SF1152.1.mpg	127	492.85	1624	935
SF1153.1.mpg	83	358.77	1182	696
SF1154.1.mpg	50	250.04	607	624
SF1155.1.mpg	64	224.33	832	736
SF1156.1.mpg	67	316.41	1010	722
SF1157.1.mpg	88	436.35	1315	646
SF1158.1.mpg	110	347.81	1332	799
SF1159A.1.mpg	66	293.81	913	533
SF1159B.1.mpg	107	342.48	1115	473
SF1160.1.mpg	105	424.26	1463	690
SF1161.1.mpg	65	326.15	971	662
SF1162A.1.mpg	30	177.04	570	362
SF1162B.1.mpg	99	323.63	1149	803
SF1163.1.mpg	9	23.82	98	91
SF1164.1.mpg	35	181.50	554	426
SF1165A.1.mpg	30	152.58	450	612
SF1165B.1.mpg	44	173.25	525	468
SF1166.1.mpg	14	76.83	209	185
SF1167.1.mpg	38	193.24	637	263
SF1168.1.mpg	49	228.01	690	269
SF1169.1.mpg	32	179.05	499	214
SF1170.1.mpg	26	162.47	466	300
SF1171A.1.mpg	73	311.75	992	508
SF1172.1.mpg	72	325.65	969	511
SF1173.1.mpg	102	413.89	1268	896
SF1174.1.mpg	112	371.68	1204	592
SF1175.1.mpg	39	199.56	641	242
SF1176A.1.mpg	76	360.72	1049	736
SF1176B.1.mpg	1	0.04	1	604
SF1176D.1.mpg	39	92.42	234	501
SF1176E.1.mpg	38	144.70	358	628
SF1177.1.mpg	37	235.79	654	341
SF1178.1.mpg	136	670.20	2003	908
SF1179.1.mpg	51	335.11	968	594
SF1180.1.mpg	112	538.35	1671	835
SF1181A.1.mpg	94	310.97	996	595
SF1181B.1.mpg	90	314.89	1102	593
SF1182A.1.mpg	99	563.73	1656	825
SF1182B.1.mpg	1	0.36	1	267
SF1183.1.mpg	75	383.55	1136	537
SF1184.1.mpg	100	437.23	1303	577
SF1185.1.mpg	63	276.53	806	862
SF1186.1.mpg	89	532.06	1551	758
SF1187.1.mpg	105	351.13	1098	739
SF1188A.1.mpg	90	508.90	1265	839
SF1188B.1.mpg	97	344.41	1058	735
SF1189.1.mpg	87	449.53	1230	605
SF1190.1.mpg	43	279.92	801	446
SF1191A.1.mpg	66	336.32	1014	552
SF1191B.1.mpg	58	200.80	695	463
SF1192.1.mpg	34	234.50	680	317
SF1193.1.mpg	52	317.72	949	446
SF1194.1.mpg	90	399.18	1290	639
SF1195A.1.mpg	47	269.27	794	369
SF1195B.1.mpg	91	321.70	1079	804
SF1196.1.mpg	58	300.33	855	799
SF1197A.1.mpg	143	552.88	1626	699
SF1197B.1.mpg	173	597.16	1946	816
SF1198.1.mpg	70	301.00	873	404
SF1199.1.mpg	109	462.06	1486	694
SF1200.1.mpg	71	363.02	1120	678
SF1201.1.mpg	93	354.86	1164	543
SF1202.1.mpg	63	321.02	934	540
SF1203.1.mpg	108	423.60	1232	545
SF1204A.1.mpg	83	372.67	1091	902
SF1204B.1.mpg	64	201.48	487	894
SF1205.1.mpg	86	392.79	1158	537
SF1206A.1.mpg	85	287.13	949	421
SF1206B.1.mpg	49	182.34	539	792
SF1207.1.mpg	103	397.06	1312	562
SF1208.1.mpg	106	338.68	1096	601
SF1209.1.mpg	67	276.56	850	385
SF1210.1.mpg	47	177.16	511	297
SF1211.1.mpg	66	192.65	620	252
SF1212.1.mpg	3	13.73	39	281
SF1213.1.mpg	46	171.74	620	343
SF1214A.1.mpg	43	158.82	550	238
SF1214B.1.mpg	53	249.91	625	748
SF1214C.1.mpg	78	246.85	845	876
SF1215-18.1.mpg	191	588.55	2140	768
SF1220.1.mpg	40	154.88	481	599
SF1221.1.mpg	110	398.41	1286	817
SF1222A.1.mpg	101	359.85	1177	582
SF1223.1.mpg	45	191.51	642	457
SF1224.1.mpg	77	285.49	961	564
SF1225.1.mpg	89	301.44	972	576
SF1226A.1.mpg	30	117.09	344	827
SF1227A.1.mpg	61	241.77	726	678
SF1227B.1.mpg	74	299.48	976	657
SF1227C.1.mpg	43	154.54	534	643
SF1228A.1.mpg	137	448.71	1555	785
SF1228B.1.mpg	5	26.20	63	710
SF1229.1.mpg	85	320.60	1106	436
SF1230.1.mpg	91	297.08	932	579
SF1231.1.mpg	88	306.91	955	574
SF1232.1.mpg	65	224.87	683	449
SF1233.1.mpg	100	364.84	1244	518
SF1234.1.mpg	116	368.96	1291	466
SF1235.1.mpg	83	255.36	889	537
SF1236.1.mpg	135	429.37	1447	783
SF1237A.1.mpg	76	245.55	812	381
SF1237B.1.mpg	83	312.61	958	631
SF1238.1.mpg	85	334.74	1087	756
SF1239.1.mpg	140	521.77	1707	829
SF1240.1.mpg	67	255.83	798	428
SF1244.1.mpg	92	310.29	1095	592
SF1245A.1.mpg	19	60.00	203	736
SF1245B.1.mpg	44	139.11	499	326
SF1246.1.mpg	46	127.34	508	253
SF1247A.1.mpg	102	362.55	1315	566
SF1248A.1.mpg	59	206.58	737	510
SF1248B.1.mpg	155	504.93	1802	670
SF1249.1.mpg	126	425.56	1713	808
SF1250.1.mpg	115	403.08	1443	851
SF1252A.1.mpg	21	70.90	247	303
SF1252B.1.mpg	52	288.68	766	583
SF1252C.1.mpg	66	284.08	855	528
SF1253.1.mpg	52	259.41	740	658
SF1254A.1.mpg	109	400.97	1344	665
SF1255A.1.mpg	137	422.56	1441	690
SF1255B.1.mpg	74	175.72	554	684
SF1256A.1.mpg	116	411.21	1356	736
SF1256B.1.mpg	9	32.80	136	274
SF1257.1.mpg	19	96.70	277	769
SF1258.1.mpg	24	149.75	315	303
SF1259A.1.mpg	41	252.76	569	518
SF1259B.1.mpg	70	448.62	1244	719
SF1259C.1.mpg	62	287.23	1008	535
SF1259D.1.mpg	42	234.62	770	618
SF1259E.1.mpg	41	267.65	744	408
SF1260.1.mpg	35	226.35	709	419
SF1261A.1.mpg	41	161.06	459	491
SF1261B.1.mpg	82	242.14	867	705
SF1262A.1.mpg	148	493.45	1624	868
SF1263.1.mpg	140	469.13	1513	735
SF1264.1.mpg	114	433.80	1416	671
SF1265A.1.mpg	95	368.80	1141	836
SF1266.1.mpg	99	373.40	1086	544
SF1267.1.mpg	106	411.59	1266	746
SF1268.1.mpg	101	375.62	1220	655
SF1269.1.mpg	124	467.01	1411	934
SF1270.1.mpg	114	405.07	1270	882
SF1271.1.mpg	97	362.42	1178	668
SF1272.1.mpg	92	383.62	1198	807
SF1273.1.mpg	87	371.48	1187	567
SF1274.1.mpg	117	445.61	1345	650
SF1275.1.mpg	66	255.78	827	586
SF1276.1.mpg	54	254.22	720	502
SF1277.1.mpg	80	356.68	1007	676
SF1278A.1.mpg	113	583.71	1651	891
SF1279.1.mpg	107	403.26	1157	670
SF1280A.1.mpg	110	436.12	1444	688
SF1281.1.mpg	124	423.06	1404	801
SF1282.1.mpg	111	389.25	1232	638
SF1283A.1.mpg	69	281.54	847	545
SF1283B.1.mpg	25	132.13	352	483
SF1284.1.mpg	99	367.46	1160	621
SF1285.1.mpg	85	328.07	1014	554
SF1286.1.mpg	83	279.61	956	588
SF1287.1.mpg	91	408.13	1161	813
SF1288A.1.mpg	100	412.25	1310	665
SF1288B.1.mpg	104	303.59	998	440
SF1289.1.mpg	105	365.90	1144	617
SF1290A.1.mpg	106	446.81	1302	689
SF1290B.1.mpg	48	220.97	736	602
SF1291.1.mpg	50	191.06	596	377
SF1292.1.mpg	85	322.23	996	648
SF1293A.1.mpg	96	382.10	1047	566
SF1293B.1.mpg	20	52.45	192	425
SF1294.1.mpg	109	416.23	1396	827
SF1295.1.mpg	61	271.49	800	564
SF1296.1.mpg	68	262.30	828	454
SF1297A.1.mpg	50	216.20	632	479
SF1298.1.mpg	57	276.53	800	596
SF1299.1.mpg	150	550.22	1812	908
SF1300.1.mpg	37	160.89	487	457
SF1301.1.mpg	51	252.13	690	354
SF1302.1.mpg	79	358.44	997	584
SF1303A.1.mpg	52	241.27	529	736
SF1303B.1.mpg	95	353.14	887	734
SF1303C.1.mpg	65	269.66	785	535
SF1303D.1.mpg	63	217.39	847	832
SF1304A.1.mpg	144	535.66	1588	869
SF1305A.1.mpg	109	471.45	1269	778
SF1305B.1.mpg	2	4.29	12	683
SF1306A.1.mpg	163	596.56	1818	927
SF1306B.1.mpg	19	21.52	44	647
SF1307.1.mpg	103	439.35	1414	626
SF1308.1.mpg	75	340.66	982	533
SF1309A.1.mpg	85	338.96	945	514
SF1309B.1.mpg	34	139.24	362	465
SF1310A-B.1.mpg	105	443.79	1125	1400
SF1311.1.mpg	82	322.32	981	544
SF1312.1.mpg	78	314.24	1030	492
SF1313.1.mpg	91	313.80	969	518
SF1314.1.mpg	89	383.10	1110	587
SF1315A.1.mpg	102	395.00	1229	631
SF1315B.1.mpg	17	58.11	177	376
SF1316.1.mpg	60	271.76	757	472
SF1317.1.mpg	92	377.39	1168	594
SF1319.1.mpg	39	184.47	580	477
SF1320.1.mpg	89	377.45	1197	574
SF1321.1.mpg	87	343.54	1096	766
SF1322.1.mpg	100	354.63	1155	567
SF1323A.1.mpg	21	88.97	225	651
SF1323B.1.mpg	53	263.62	648	483
SF1323C.1.mpg	31	151.72	305	604
SF1324.1.mpg	31	147.70	435	285
SF1325.1.mpg	89	398.09	1126	907
SF1326A.1.mpg	136	546.17	1548	848
SF1327.1.mpg	108	447.70	1284	937
SF1328A.1.mpg	101	421.14	1166	676
SF1328B.1.mpg	62	260.93	865	456
SF1329.1.mpg	112	395.99	1276	770
SF1330.1.mpg	87	298.14	999	489
SF1331.1.mpg	119	523.75	1619	841
SF1332.1.mpg	76	238.37	738	544
SF1333.1.mpg	97	384.23	1207	541
SF1334.1.mpg	113	441.79	1305	647
SF1335.1.mpg	109	204.11	539	729
SF1336.1.mpg	35	178.70	482	517
SF1337.1.mpg	31	120.63	383	300
SF1338.1.mpg	24	121.90	354	264
SF1339.1.mpg	56	217.01	651	394
SF1341.1.mpg	8	42.98	91	269
SF1342A.1.mpg	89	365.63	1036	507
SF1342B.1.mpg	51	188.34	675	503
SF1343.1.mpg	51	278.44	797	589
SF1344.1.mpg	74	330.04	936	901
SF1345.1.mpg	101	440.80	1303	612
SF1346A.1.mpg	67	257.50	757	586
SF1347.1.mpg	94	349.29	1051	702
SF1348.1.mpg	67	349.88	953	710
SF1349.1.mpg	59	268.74	792	501
SF1350.1.mpg	81	322.44	1018	688
SF1351.1.mpg	48	212.50	601	583
SF1352.1.mpg	74	355.31	1072	684
SF1353.1.mpg	58	275.27	788	699
SF1354.1.mpg	66	280.95	859	682
SF1355.1.mpg	48	245.83	656	477
SF1356.1.mpg	40	184.26	527	583
SF1357.1.mpg	53	261.71	777	503
SF1358.1.mpg	51	211.23	631	633
SF1359.1.mpg	66	176.58	573	602
SF1360.1.mpg	81	294.05	947	613
SF1361.1.mpg	39	171.98	525	503
SF1362.1.mpg	90	326.59	971	604
SF1363.1.mpg	56	274.28	747	665
SF1364.1.mpg	52	274.40	731	424
SF1365.1.mpg	79	373.68	867	603
SF1366.1.mpg	117	498.66	1434	706
SF1367.1.mpg	139	498.61	1591	836
SF1368.1.mpg	80	372.03	1152	583
SF1369.1.mpg	116	407.17	1194	880
SF1370.1.mpg	139	556.93	1738	843
SF1371.1.mpg	76	273.54	828	922
SF1372.1.mpg	162	544.47	1687	926
SF1373.1.mpg	48	224.41	659	698
SF1374.1.mpg	78	301.08	978	529
SF1375.1.mpg	91	389.41	1123	696
SF1376.1.mpg	76	303.95	863	473
SF1377.1.mpg	134	462.55	1445	740
SF1378A.1.mpg	81	421.19	1081	745
SF1378B.1.mpg	7	41.17	116	643
SF1379.1.mpg	45	178.65	524	345
SF1380.1.mpg	40	220.30	655	463
SF1381A.1.mpg	7	40.71	120	331
SF1382A.1.mpg	44	205.22	547	873
SF1383.1.mpg	58	280.21	795	891
SF1384.1.mpg	68	260.62	719	612
SF1385A.1.mpg	56	269.95	731	681
SF1385B.1.mpg	53	201.31	671	603
SF1385C.1.mpg	37	131.67	480	462
SF1386.1.mpg	43	209.89	538	772
SF1387.1.mpg	50	201.70	570	766
SF1388.1.mpg	30	175.90	348	555
SF1389A.1.mpg	74	360.75	1080	577
SF1389B.1.mpg	175	429.09	1525	555
SF1390.1.mpg	59	240.35	752	559
SF1391.1.mpg	64	347.31	921	588
SF1392.1.mpg	76	333.72	1034	639
SF1393.1.mpg	87	382.62	1126	701
SF1394.1.mpg	30	166.20	479	386
SF1395.1.mpg	58	256.68	707	749
SF1396.1.mpg	62	251.87	680	510
SF1397.1.mpg	77	348.02	975	594
SF1398.1.mpg	60	320.04	893	567
SF1399.1.mpg	43	207.04	558	533
SF1400.1.mpg	38	153.10	403	537
SF1401.1.mpg	69	307.52	910	481
SF1402.1.mpg	75	256.05	830	510
SF1403.1.mpg	70	290.21	885	546
SF1404.1.mpg	95	354.50	1110	559
SF1405.1.mpg	78	341.44	1042	570
SF1406.1.mpg	82	342.40	1091	728
SF1407A.1.mpg	123	440.10	1396	661
SF1407B.1.mpg	77	261.16	727	471
SF1408A.1.mpg	127	453.35	1398	737
SF1408B.1.mpg	92	287.32	988	401
SF1409.1.mpg	111	492.70	1495	755
SF1410.1.mpg	64	223.03	760	669
SF1411.1.mpg	118	424.11	1346	665
SF1412.1.mpg	63	228.64	744	409
SF1413.1.mpg	101	343.79	1008	755
SF1414.1.mpg	50	166.80	524	655
SF1415.1.mpg	72	281.64	880	404
SF1416.1.mpg	97	400.74	1187	891
SF1417.1.mpg	70	315.99	919	524
SF1418.1.mpg	70	285.49	890	817
SF1419.1.mpg	71	257.40	806	454
SF1420.1.mpg	62	343.73	821	670
SF1421.1.mpg	141	299.97	1637	744
SF1422.1.mpg	52	238.53	587	829
SF1423.1.mpg	111	498.93	1399	782
SF1424.1.mpg	127	406.41	1356	705
SF1425.1.mpg	82	316.08	943	671
SF1426.1.mpg	117	394.14	1443	850
SF1427.1.mpg	126	522.29	1531	850
SF1428.1.mpg	75	293.73	812	695
SF1429.1.mpg	94	340.38	968	615
SF1430.1.mpg	71	279.12	815	496
SF1431A.1.mpg	93	354.92	1068	630
SF1431B.1.mpg	15	54.46	148	747
SF1432.1.mpg	131	541.28	1649	771
SF1433.1.mpg	55	220.96	698	506
SF1434.1.mpg	64	290.78	788	640
SF1435.1.mpg	70	340.80	928	472
SF1436.1.mpg	55	237.48	610	651
SF1437.1.mpg	72	305.11	995	778
SF1438.1.mpg	67	212.33	659	542
SF1439.1.mpg	42	215.89	657	485
SF1441.1.mpg	87	357.42	1022	600
SF1442.1.mpg	98	414.47	1291	621
SF1443.1.mpg	98	396.27	1262	592
SF1444.1.mpg	65	284.97	835	533
SF1445.1.mpg	61	252.74	649	491
SF1446.1.mpg	108	364.62	1139	583
SF1447.1.mpg	51	256.69	747	523
SF1448.1.mpg	117	436.08	1346	590
SF1449.1.mpg	74	337.43	965	600
SF1450.1.mpg	78	384.25	1184	708
SF1451.1.mpg	86	315.74	1000	843
SF1452.1.mpg	108	388.62	1179	776
SF1453.1.mpg	53	210.66	620	420
SF1454.1.mpg	80	265.39	815	507
SF1455.1.mpg	90	366.05	1031	626
SF1456.1.mpg	82	319.96	966	613
SF1457.1.mpg	62	230.02	722	554
SF1458.1.mpg	86	320.21	1003	539
SF1459.1.mpg	36	188.57	447	267
SF1460A.1.mpg	25	82.99	205	295
SF1461.1.mpg	39	150.20	430	459
SF1462A.1.mpg	94	278.56	890	714
SF1462B.1.mpg	72	231.80	830	623
SF1463A.1.mpg	89	365.26	1108	612
SF1463B.1.mpg	68	258.74	822	537
SF1464.1.mpg	93	387.12	1119	663
SF1465.1.mpg	83	312.78	960	631
SF1466A.1.mpg	95	384.03	1052	570
SF1466B.1.mpg	14	49.69	154	416
SF1467.1.mpg	74	348.71	924	575
SF1468.1.mpg	88	331.00	954	633
SF1469.1.mpg	87	365.36	1022	685
SF1470.1.mpg	107	447.11	1255	1004
SF1471.1.mpg	37	171.76	493	564
SF1472.1.mpg	113	495.70	1444	917
SF1473.1.mpg	78	374.65	1087	755
SF1474.1.mpg	73	271.00	708	646
SF1475.1.mpg	67	284.89	750	632
SF1476.1.mpg	72	292.49	857	520
SF1477.1.mpg	80	314.69	946	620
SF1478A.1.mpg	28	197.32	420	602
SF1478B.1.mpg	5	9.33	67	531
SF1479A.1.mpg	92	359.71	1065	784
SF1479B.1.mpg	7	1.77	11	678
SF1479C.1.mpg	60	121.38	591	595
SF1480.1.mpg	46	170.78	492	410
SF1481.1.mpg	75	303.51	857	702
SF1482.1.mpg	75	288.63	792	548
SF1483.1.mpg	80	298.14	821	585
SF1484.1.mpg	63	250.34	721	680
SF1485.1.mpg	54	170.88	524	511
SF1486.1.mpg	146	472.12	1410	750
SF1487.1.mpg	64	237.95	719	531
SF1488.1.mpg	130	474.35	1308	761
SF1489.1.mpg	77	251.71	767	838
SF1490.1.mpg	70	271.51	783	699
SF1491.1.mpg	75	324.41	948	665
SF1492.1.mpg	85	322.58	984	849
SF1493.1.mpg	133	364.26	1204	807
SF1494.1.mpg	65	262.20	784	641
SF1495A.1.mpg	75	291.85	873	585
SF1496.1.mpg	95	376.39	1115	740
SF1497.1.mpg	74	292.46	799	735
SF1498.1.mpg	58	229.19	614	520
SF1499A.1.mpg	94	431.67	1117	829
SF1499B.1.mpg	72	272.33	825	746
SF1499C.1.mpg	61	295.48	782	682
SF1500A.1.mpg	64	240.64	748	579
SF1500B.1.mpg	55	212.54	595	740
SF1500C.1.mpg	73	230.74	763	424
SF1500D.1.mpg	61	262.57	812	722
SF1501.1.mpg	50	185.64	622	644
SF1502.1.mpg	48	156.94	401	314
SF1503.1.mpg	30	129.10	354	380
SF1504A.1.mpg	54	206.11	568	556
SF1504B.1.mpg	97	376.95	926	666
SF1504C.1.mpg	180	369.38	1435	497
SF1505.1.mpg	64	251.58	802	589
SF1506.1.mpg	52	182.54	562	646
SF1507.1.mpg	63	259.12	737	617
SF1508.1.mpg	44	193.02	554	712
SF1509.1.mpg	14	70.00	182	543
SF1510.1.mpg	68	272.98	832	741
SF1511A.1.mpg	71	233.76	715	771
SF1511B.1.mpg	83	341.13	1025	711
SF1512.1.mpg	55	274.95	754	671
SF1513A.1.mpg	54	265.66	661	531
SF1513B.1.mpg	178	377.06	1422	498
SF1514.1.mpg	54	359.23	701	724
SF1515.1.mpg	46	162.52	468	697
SF1516A1.1.mpg	50	250.54	733	549
SF1516A2.1.mpg	36	212.66	496	266
SF1516B.1.mpg	64	137.52	590	471
SF1517.1.mpg	58	252.41	683	636
SF1518.1.mpg	55	196.22	585	608
SF1519.1.mpg	76	300.11	848	623
SF1520.1.mpg	45	157.50	447	628
SF1521.1.mpg	124	311.20	905	693
SF1522A.1.mpg	34	191.52	374	612
SF1522B.1.mpg	47	184.58	514	651
SF1523A.1.mpg	16	52.03	156	517
SF1523B.1.mpg	80	276.25	786	449
SF1524A.1.mpg	66	194.59	601	484
SF1524B.1.mpg	54	190.10	599	584
SF1525.1.mpg	7	27.07	84	705
SF1526A.1.mpg	92	327.46	1000	636
SF1526B.1.mpg	57	222.37	682	589
SF1526C.1.mpg	94	238.93	912	318
SF1527.1.mpg	80	349.06	1046	716
SF1528A.1.mpg	58	237.92	692	751
SF1529A.1.mpg	58	263.38	773	510
SF1529B.1.mpg	47	259.58	710	443
SF1530.1.mpg	89	358.76	1109	764
SF1531A.1.mpg	92	348.10	1017	875
SF1531B.1.mpg	44	369.18	689	570
SF1532.1.mpg	85	342.12	982	805
SF1533.1.mpg	64	226.95	710	933
SF1534.1.mpg	86	397.35	1138	656
SF1535.1.mpg	85	351.46	939	861
SF1536.1.mpg	45	197.82	483	603
SF1537.1.mpg	50	198.32	562	778
SF1538.1.mpg	51	165.37	505	542
SF1539A.1.mpg	61	233.38	645	600
SF1540A.1.mpg	56	181.20	523	335
SF1541A.1.mpg	72	224.80	711	515
SF1542A.1.mpg	46	185.24	498	292
SF1543.1.mpg	84	275.03	773	514
SF1544A.1.mpg	51	158.75	446	336
SF1545.1.mpg	25	104.93	274	345
SF1546.1.mpg	85	382.75	1131	584
SF1547.1.mpg	99	380.80	1049	720
SF1548.1.mpg	82	365.06	1011	613
SF1549.1.mpg	101	353.17	980	700
SF1550A.1.mpg	38	155.38	458	429
SF1550B-C.1.mpg	94	662.16	1388	1016
SF1551.1.mpg	48	176.31	478	744
SF1552.1.mpg	82	351.24	950	682
SF1553.1.mpg	87	344.51	905	758
SF1554.1.mpg	70	332.67	954	633
SF1555.1.mpg	85	414.26	1181	772
SF1556.1.mpg	69	331.54	859	629
SF1557.1.mpg	50	201.79	581	324
SF1558A.1.mpg	44	160.01	389	667
SF1558B.1.mpg	16	114.57	287	900
SF1559.1.mpg	91	312.67	845	729
SF1560.1.mpg	51	189.81	589	489
SF1561.1.mpg	77	321.34	867	583
SF1562.1.mpg	62	280.89	814	530
SF1563.1.mpg	67	294.35	855	576
SF1564A.1.mpg	61	200.20	630	615
SF1564B.1.mpg	107	298.85	1113	701
SF1565.1.mpg	57	221.64	720	516
SF1566A.1.mpg	83	279.41	828	652
SF1567.1.mpg	104	357.00	1045	803
SF1568.1.mpg	54	219.50	684	491
SF1569A.1.mpg	86	308.60	962	657
SF1569B.1.mpg	45	184.18	538	592
SF1570.1.mpg	29	107.20	344	420
SF1571.1.mpg	74	293.59	926	809
SF1572.1.mpg	124	366.22	1166	642
SF1573.1.mpg	135	475.23	1336	695
SF1574.1.mpg	53	200.05	602	466
SF1575.1.mpg	95	346.96	986	824
SF1576.1.mpg	42	151.60	447	796
SF1577.1.mpg	97	355.08	1070	723
SF1578A.1.mpg	93	376.04	1163	588
SF1579.1.mpg	100	415.32	1146	711
SF1580.1.mpg	80	269.55	788	561
SF1581.1.mpg	50	227.74	653	557
SF1582.1.mpg	46	202.55	551	547
SF1583.1.mpg	55	201.04	632	416
SF1584.1.mpg	77	254.68	708	776
SF1585.1.mpg	80	368.31	1129	620
SF1586.1.mpg	28	91.63	249	685
SF1587.1.mpg	45	191.11	562	436
SF1588.1.mpg	91	387.12	1147	634
SF1589.1.mpg	108	386.80	1298	679
SF1590.1.mpg	141	537.54	1684	924
SF1591.1.mpg	94	390.41	1116	692
SF1592A.1.mpg	65	295.50	829	463
SF1593.1.mpg	37	229.96	622	471
SF1594.1.mpg	92	320.59	913	643
SF1595A.1.mpg	77	321.47	922	560
SF1595B.1.mpg	59	235.49	681	402
SF1596.1.mpg	93	399.44	1173	579
SF1597A.1.mpg	86	308.34	925	601
SF1597B.1.mpg	55	205.55	664	482
SF1598.1.mpg	113	440.61	1408	742
SF1599.1.mpg	96	354.00	1052	698
SF1600.1.mpg	57	290.80	868	627
SF1601.1.mpg	87	416.47	1246	652
SF1602.1.mpg	87	378.77	1073	626
SF1604A.1.mpg	37	182.60	465	638
SF1604B.1.mpg	56	157.68	464	814
SF1605A.1.mpg	109	407.51	1266	662
SF1605B.1.mpg	80	265.49	797	770
SF1606A.1.mpg	59	230.29	647	477
SF1606C.1.mpg	79	488.43	1249	832
SF1607A.1.mpg	121	363.39	1180	605
SF1607B.1.mpg	18	68.75	205	354
SF1608.1.mpg	82	330.01	1063	653
SF1609.1.mpg	75	311.17	1008	692
SF1610.1.mpg	68	299.70	924	715
SF1611.1.mpg	93	432.92	1256	663
SF1612A.1.mpg	37	216.71	649	265
SF1612B.1.mpg	84	324.28	982	529
SF1613.1.mpg	154	489.64	1493	903
SF1614.1.mpg	103	418.44	1222	808
SF1616A.1.mpg	63	299.56	923	482
SF1616B.1.mpg	9	46.65	138	351
SF1617.1.mpg	98	327.59	1080	629
SF1618A.1.mpg	72	307.05	886	657
SF1619.1.mpg	96	414.60	1221	666
SF1620.1.mpg	60	298.00	733	596
SF1621A.1.mpg	96	404.14	1173	781
SF1621B.1.mpg	41	177.17	451	748
SF1622A.1.mpg	92	403.20	1142	913
SF1623.1.mpg	97	315.48	1032	612
SF1624A.1.mpg	56	293.10	838	540
SF1624B.1.mpg	73	275.63	847	446
SF1625.1.mpg	84	398.08	1192	683
SF1626A.1.mpg	67	357.60	972	684
SF1626B.1.mpg	19	84.47	234	675
SF1627.1.mpg	78	290.64	943	485
SF1628.1.mpg	56	140.40	464	653
SF1629A.1.mpg	46	178.56	460	356
SF1629C.1.mpg	2	0.73	6	881
SF1630A.1.mpg	95	468.74	1321	792
SF1631A.1.mpg	86	404.93	1286	627
SF1632.1.mpg	112	476.26	1497	753
SF1633A.1.mpg	86	420.66	1240	663
SF1634.1.mpg	105	536.91	1639	801
SF1635A.1.mpg	62	308.38	928	509
SF1636.1.mpg	96	461.23	1398	713
SF1637A.1.mpg	122	488.96	1393	775
SF1638.1.mpg	65	345.24	910	695
SF1639.1.mpg	151	501.40	1674	704
SF1640.1.mpg	81	399.39	1218	621
SF1641.1.mpg	88	398.53	1272	673
SF1642.1.mpg	72	285.33	879	434
SF1643.1.mpg	80	422.55	1115	794
SF1644.1.mpg	117	459.40	1402	722
SF1645.1.mpg	110	398.66	1322	627
SF1646.1.mpg	33	224.60	466	544
SF1647A.1.mpg	115	558.42	1681	812
SF1647B.1.mpg	42	201.18	391	781
SF1648.1.mpg	73	391.66	1092	615
SF1649.1.mpg	77	365.68	1091	639
SF1650.1.mpg	147	538.70	1635	697
SF1651.1.mpg	102	435.28	1284	725
SF1652.1.mpg	71	344.39	1016	692
SF1653.1.mpg	39	166.38	483	230
SF1654.1.mpg	79	300.71	894	480
SF1655.1.mpg	117	474.52	1440	708
SF1656A.1.mpg	139	476.69	1574	803
SF1656B.1.mpg	9	33.90	100	895
SF1657A.1.mpg	105	379.32	1241	602
SF1657B.1.mpg	99	326.26	925	770
SF1658.1.mpg	102	457.28	1423	769
SF1659.1.mpg	78	364.27	1106	639
SF1660A.1.mpg	100	409.44	1286	787
SF1660B.1.mpg	18	50.46	192	758
SF1661.1.mpg	123	473.95	1570	859
SF1662.1.mpg	109	506.76	1472	718
SF1663.1.mpg	106	426.06	1372	759
SF1664.1.mpg	72	374.88	1070	732
SF1665.1.mpg	72	421.80	1134	721
SF1666.1.mpg	44	179.26	535	670
SF1667.1.mpg	69	277.95	761	474
SF1668.1.mpg	71	261.32	807	499
SF1669.1.mpg	64	327.55	905	568
SF1670.1.mpg	115	421.89	1240	708
SF1671.1.mpg	110	365.79	1090	720
SF1672.1.mpg	56	184.44	548	565
SF1673.1.mpg	97	276.38	994	638
SF1674.1.mpg	97	325.53	1127	701
SF1675.1.mpg	85	244.45	776	609
SF1676.1.mpg	94	359.29	1114	628
SF1677.1.mpg	77	285.85	915	564
SF1678.1.mpg	115	532.03	1596	803
SF1679.1.mpg	104	425.99	1348	726
SF1680A.1.mpg	76	297.29	1018	600
SF1680B.1.mpg	44	204.80	530	751
SF1681.1.mpg	86	363.62	1199	631
SF1682.1.mpg	104	357.73	1181	616
SF1683A.1.mpg	91	447.72	1202	838
SF1684.1.mpg	92	361.27	1292	661
SF1685.1.mpg	47	205.96	504	532
SF1686.1.mpg	104	363.95	1463	606
SF1687.1.mpg	87	335.84	1298	640
SF1688.1.mpg	85	371.98	1411	635
SF1689.1.mpg	115	461.14	1664	707
SF1690.1.mpg	104	335.78	1324	580
SF1691.1.mpg	130	481.02	1635	780
SF1692.1.mpg	108	366.87	1351	689
SF1693.1.mpg	103	457.10	1475	700
SF1694.1.mpg	109	378.59	1298	697
SF1695.1.mpg	137	451.83	1733	626
SF1696.1.mpg	102	412.64	1385	603
SF1697.1.mpg	155	575.01	2048	848
SF1698.1.mpg	121	423.66	1436	766
SF1699.1.mpg	85	332.34	1201	571
SF1700.1.mpg	104	382.88	1291	702
SF1701A.1.mpg	106	416.47	1316	673
SF1702.1.mpg	142	452.40	1608	817
SF1703.1.mpg	144	474.92	1662	778
SF1704A.1.mpg	131	435.28	1510	803
SF1704B.1.mpg	43	173.58	566	852
SF1705.1.mpg	85	278.27	940	509
SF1706.1.mpg	95	329.21	1156	639
SF1707.1.mpg	94	331.41	1154	660
SF1708.1.mpg	57	276.47	825	524
SF1709A.1.mpg	55	197.08	522	620
SF1709B.1.mpg	92	298.42	928	644
SF1710.1.mpg	142	472.12	1657	762
SF1711.1.mpg	114	356.56	1269	672
SF1712A.1.mpg	130	348.40	1246	671
SF1713.1.mpg	109	395.37	1190	680
SF1714.1.mpg	109	359.43	1199	682
SF1715.1.mpg	112	364.39	1293	702
SF1716.1.mpg	125	388.37	1477	701
SF1717.1.mpg	99	331.10	1202	678
SF1718.1.mpg	131	469.06	1620	777
SF1719.1.mpg	136	435.14	1592	789
SF1720.1.mpg	97	332.86	908	554
SF1721A.1.mpg	77	293.80	800	565
SF1721B.1.mpg	106	352.36	1051	723
SF1721C.1.mpg	111	197.12	593	871
SF1722.1.mpg	99	290.25	1024	529
SF1723.1.mpg	77	285.23	865	526
SF1724.1.mpg	75	262.81	812	718
SF1725.1.mpg	96	349.39	1139	685
SF1726.1.mpg	70	217.42	717	422
SF1727.1.mpg	108	378.68	1328	730
SF1728.1.mpg	80	279.28	968	465
SF1729.1.mpg	88	322.74	1053	605
SF1730.1.mpg	113	349.70	1209	653
SF1731.1.mpg	90	300.96	1085	646
SF1732.1.mpg	82	293.12	1011	644
SF1733.1.mpg	84	284.33	1030	684
SF1734A.1.mpg	106	465.65	997	891
SF1734B.1.mpg	46	155.78	530	378
SF1735.1.mpg	95	272.76	871	740
SF1736.1.mpg	77	334.76	962	900
SF1737A.1.mpg	80	236.54	811	571
SF1737B.1.mpg	162	393.76	908	904
SF1738.1.mpg	83	288.76	879	716
SF1739.1.mpg	67	255.18	835	534
SF1740.1.mpg	61	208.25	775	567
SF1741.1.mpg	54	177.08	623	441
SF1742.1.mpg	106	350.01	1264	702
SF1743.1.mpg	80	272.13	956	619
SF1744A.1.mpg	81	246.20	842	694
SF1745.1.mpg	131	331.11	1163	947
SF1746.1.mpg	83	291.98	965	759
SF1747.1.mpg	63	226.46	729	630
SF1748A.1.mpg	7	33.60	93	124
SF1749.1.mpg	140	479.59	1689	960
SF1750.1.mpg	140	428.44	1482	805
SF1751.1.mpg	56	218.72	650	603
SF1752.1.mpg	101	352.36	1114	599
SF1753A.1.mpg	69	230.06	826	596
SF1753B.1.mpg	57	332.93	807	695
SF1754.1.mpg	61	209.87	746	467
SF1755.1.mpg	71	235.55	731	603
SF1756.1.mpg	101	412.97	1344	741
SF1757.1.mpg	56	220.65	703	468
SF1758.1.mpg	92	303.90	1057	681
SF1759.1.mpg	104	337.48	1253	674
SF1760.1.mpg	71	258.92	947	521
SF1761.1.mpg	79	274.18	904	575
SF1762A.1.mpg	140	487.78	1627	868
SF1763.1.mpg	56	214.52	647	514
SF1764.1.mpg	53	192.78	656	494
SF1765.1.mpg	73	258.37	882	640
SF1766.1.mpg	77	285.74	930	622
SF1767A.1.mpg	75	301.29	1020	650
SF1767B.1.mpg	41	192.11	596	797
SF1768.1.mpg	85	289.24	1013	629
SF1769.1.mpg	72	294.72	882	621
SF1770.1.mpg	103	454.48	1339	726
SF1771.1.mpg	49	207.17	733	576
SF1772A.1.mpg	116	470.84	1424	762
SF1772B.1.mpg	35	119.09	403	265
SF1773A.1.mpg	85	283.63	1021	570
SF1773B.1.mpg	24	94.22	313	211
SF1774A.1.mpg	87	307.69	1001	745
SF1774B.1.mpg	24	82.43	295	236
SF1775A.1.mpg	91	284.79	1052	751
SF1775B.1.mpg	22	99.29	294	219
SF1776A.1.mpg	80	217.24	733	589
SF1776B.1.mpg	73	235.75	655	596
SF1776C.1.mpg	22	84.10	314	232
SF1777.1.mpg	71	344.30	919	618
SF1778A.1.mpg	69	308.68	788	799
SF1778B.1.mpg	19	79.08	247	250
SF1779A.1.mpg	64	287.04	747	657
SF1779B.1.mpg	22	80.84	275	220
SF1780A.1.mpg	111	372.93	1322	655
SF1780B.1.mpg	100	353.20	1177	626
SF1780C.1.mpg	71	240.34	827	631
SF1781A.1.mpg	61	226.88	767	684
SF1781B.1.mpg	21	66.10	208	243
SF1783A.1.mpg	46	170.09	502	529
SF1783B.1.mpg	13	38.00	145	153
SF1784A.1.mpg	64	247.19	712	568
SF1784B.1.mpg	13	48.59	161	223
SF1785.1.mpg	49	160.93	553	618
SF1786.1.mpg	69	304.92	897	685
SF1787.1.mpg	78	281.57	950	591
SF1788A.1.mpg	66	288.51	1005	474
SF1788B-C.1.mpg	286	780.36	2007	1502
SF1789A.1.mpg	104	346.88	1088	662
SF1790.1.mpg	75	249.65	860	552
SF1791.1.mpg	83	337.09	1204	589
SF1792.1.mpg	43	163.37	549	600
SF1793.1.mpg	102	434.28	1290	725
SF1794.1.mpg	79	336.97	926	675
SF1795.1.mpg	96	312.81	1048	622
SF1796.1.mpg	96	331.60	1028	711
SF1797.1.mpg	78	265.61	887	597
SF1798.1.mpg	77	299.13	1053	530
SF1799.1.mpg	85	257.77	920	668
SF1800.1.mpg	113	440.08	1384	823
SF1801.1.mpg	72	273.93	891	621
SF1802.1.mpg	66	232.52	857	586
SF1803.1.mpg	49	212.27	654	474
SF1804.1.mpg	73	265.23	980	631
SF1805.1.mpg	96	357.95	1232	608
SF1806.1.mpg	116	396.80	1335	706
SF1807.1.mpg	88	316.62	1086	583
SF1808.1.mpg	89	291.01	1056	606
SF1809.1.mpg	85	329.99	1089	543
SF1810.1.mpg	100	394.51	1333	712
SF1811.1.mpg	73	297.69	946	561
SF1812.1.mpg	111	347.80	1219	624
SF1813.1.mpg	103	319.87	1086	586
SF1814.1.mpg	78	303.35	1010	592
SF1815.1.mpg	77	297.62	844	601
SF1816.1.mpg	84	312.42	999	578
SF1817.1.mpg	63	264.88	689	640
SF1818.1.mpg	88	289.78	939	585
SF1819.1.mpg	153	573.47	2000	1132
SF1820.1.mpg	56	224.34	756	481
SF1821A.1.mpg	92	323.66	1007	669
SF1822.1.mpg	74	292.60	893	637
SF1823.1.mpg	66	286.71	889	696
SF1824A.1.mpg	115	437.92	1458	830
SF1824B.1.mpg	59	229.39	900	578
SF1825.1.mpg	81	266.72	789	481
SF1826.1.mpg	104	361.28	1193	668
SF1827.1.mpg	123	439.21	1410	734
SF1828.1.mpg	89	366.84	1105	632
SF1829.1.mpg	73	310.36	899	702
SF1830.1.mpg	88	352.02	1204	599
SF1831.1.mpg	64	276.56	923	535
SF1832A.1.mpg	47	176.48	613	409
SF1832B.1.mpg	56	191.08	690	775
SF1833.1.mpg	73	238.90	837	533
SF1834.1.mpg	62	300.03	938	638
SF1835.1.mpg	55	248.87	785	545
SF1836.1.mpg	65	302.76	975	517
SF1837.1.mpg	95	266.53	958	621
SF1838A.1.mpg	85	324.31	1074	634
SF1839A.1.mpg	72	260.96	816	614
SF1840.1.mpg	102	310.19	1019	578
SF1841.1.mpg	82	347.94	975	746
SF1842.1.mpg	93	400.87	1311	757
SF1843.1.mpg	64	282.44	879	621
SF1844.1.mpg	109	358.77	1076	948
SF1845.1.mpg	59	238.52	825	559
SF1846.1.mpg	67	291.97	913	648
SF1847A.1.mpg	92	335.29	1058	623
SF1848.1.mpg	83	309.50	1030	584
SF1849.1.mpg	60	245.18	909	535
SF1850.1.mpg	63	252.97	872	646
SF1851.1.mpg	48	200.80	695	381
SF1852.1.mpg	66	272.72	928	595
SF1853.1.mpg	63	233.09	807	721
SF1854.1.mpg	53	278.84	809	609
SF1855.1.mpg	55	183.88	623	518
SF1856.1.mpg	69	291.89	936	705
SF1857A.1.mpg	61	279.80	517	547
SF1858.1.mpg	53	203.01	667	616
SF1859A-B.1.mpg	86	406.23	1190	1052
SF1860A.1.mpg	68	216.38	815	666
SF1861.1.mpg	123	376.63	1038	754
SF1864.1.mpg	87	257.14	754	673
SF1866A.1.mpg	39	182.74	524	658
SF1866B.1.mpg	91	288.35	842	507
SF1867A.1.mpg	93	240.58	833	587
SF1867B.1.mpg	108	173.19	820	600
SF1867C.1.mpg	115	355.12	1035	694
SF1870A.1.mpg	78	364.56	1019	483
SF1870B.1.mpg	114	501.57	1428	669
SF1875A-C.1.mpg	303	1052.42	3251	1614
SF1876A-B.1.mpg	140	658.57	1648	1104
SF1877C.1.mpg	53	346.13	849	543
SF1878.1.mpg	5	0.82	7	948
SF1879.1.mpg	101	483.81	1421	889
SF1881.1.mpg	214	854.97	2313	1791
SF1883.1.mpg	33	200.10	443	746
SF1884.1.mpg	101	410.60	1307	907
SF1885A-B.1.mpg	83	290.04	1088	1104
SF1885C.1.mpg	17	40.10	236	501
SF1885D.1.mpg	51	179.28	615	651
SF1885E.1.mpg	45	143.31	614	611
SF1886.1.mpg	86	414.00	1244	642
SF1887.1.mpg	121	221.85	1204	714
SF1888.1.mpg	39	61.85	421	767
SF1899.1.mpg	68	297.06	780	440
SF1921.1.mpg	101	246.92	1504	763
SF1925A-B.1.mpg	420	1179.07	3627	1612
SF1926.1.mpg	84	711.26	1425	881
SF1928.1.mpg	138	499.35	1730	818
SF1940A-B.1.mpg	144	601.00	1688	956
SF1958.1.mpg	6	1.40	10	732
SF1959.1.mpg	83	579.00	993	690
SF1960.1.mpg	54	423.64	703	492
SF1961.1.mpg	85	766.42	1453	895
SF1962.1.mpg	111	577.64	1629	688
SF1963A.1.mpg	39	343.09	765	396
SF1963B.1.mpg	46	264.39	782	314
SF1964A-B.1.mpg	97	508.94	1043	755
SF1965.1.mpg	65	625.43	1273	699
SF1966.1.mpg	74	502.66	1099	585
SF1978A.1.mpg	53	369.08	731	486
SF1978B.1.mpg	75	297.16	955	620
SF1985A-E.1.mpg	203	465.00	1614	2059
SF1986A.1.mpg	37	94.15	445	531
SF1986B.1.mpg	24	35.56	222	540
SF1986C.1.mpg	16	15.79	96	587
SF1986D.1.mpg	16	60.66	132	478
SF1986E.1.mpg	10	18.84	105	664
SF1986F.1.mpg	4	1.30	8	375
SF1986G.1.mpg	20	27.08	127	568
SF1988.1.mpg	113	421.57	1196	593
SF1989A.1.mpg	8	17.62	59	367
SF1989B.1.mpg	4	11.94	38	949
SF1990A-H.1.mpg	463	2221.40	5557	4271
SF1991A.1.mpg	49	215.89	448	744
SF1991B.1.mpg	45	135.72	356	552
SF1991C.1.mpg	7	38.64	87	513
SF1991D.1.mpg	16	24.62	84	493
SF1991E.1.mpg	32	118.61	245	478
SF2064A.1.mpg	80	326.55	915	596
SF2064B.1.mpg	60	258.81	645	454
SF2167A-B.1.mpg	136	533.44	1347	952
SF2195.1.mpg	29	126.43	403	452
SF2196.1.mpg	108	516.95	1164	838
SF2208.1.mpg	1	0.14	2	685
SF2221A-J.1.mpg	637	2413.43	6537	5982
SF2391A.1.mpg	11	38.83	114	706
SF2391B.1.mpg	11	37.50	107	1153
SF2391C.1.mpg	2	1.96	12	552
SF2480A.1.mpg	1	0.36	1	626
SF2542A.1.mpg	18	57.43	156	500
SF2542C.1.mpg	151	218.14	894	681
SF2543A.1.mpg	115	65.65	362	472
SF2553A.1.mpg	130	296.02	1329	644
SF2554.1.mpg	97	302.34	1137	698
SF2560.1.mpg	32	241.77	493	463
SF2561.1.mpg	25	70.40	206	576
SF2562A.1.mpg	37	25.88	102	470
SF2562B.1.mpg	12	25.18	34	562
SF2563.1.mpg	102	169.88	613	330
SF2564.1.mpg	15	54.24	187	378
SF2571A-C.1.mpg	265	809.52	2449	1534
SF2573D.1.mpg	59	205.63	610	588
SF2584.1.mpg	93	296.79	938	666
SF2595A-C.1.mpg	118	255.15	1119	1567
SF2596A-B.1.mpg	122	323.61	982	1100
SF2597A-C.1.mpg	229	1156.53	2895	1676
SF2598B.1.mpg	52	277.58	670	452
SF2599.1.mpg	43	183.88	559	460
SF2600.1.mpg	20	40.48	149	425
SF2601.1.mpg	98	349.58	1339	571
SF2603.1.mpg	26	21.14	85	694
SF2605A-B.1.mpg	117	458.68	1202	890
SF2606.1.mpg	78	301.87	793	747
SF2607.1.mpg	33	70.55	276	639
SF2608.1.mpg	36	22.81	145	789
SF2612.1.mpg	85	328.16	801	674
SF2614A-F.1.mpg	430	1400.29	6305	3434
SF2616.1.mpg	122	485.17	1370	621
SF2617.1.mpg	112	401.23	1234	652
SF2618.1.mpg	207	573.70	1474	760
SF2619.1.mpg	2	2.66	6	787
SF2620.1.mpg	90	448.18	1221	571
SF2621.1.mpg	45	192.00	513	287
SF2623A.1.mpg	164	703.88	1857	877
SF2624.1.mpg	60	238.39	623	370
SF2625.1.mpg	91	464.80	1197	675
SF2627.1.mpg	142	366.57	1191	851
SF2630A.1.mpg	26	71.44	131	563
SF2630B.1.mpg	12	3.45	31	636
SF2630C.1.mpg	10	7.66	24	783
SF2631.1.mpg	1	0.47	5	396
SF2632.1.mpg	163	381.17	1457	651
SF2633.1.mpg	140	367.93	1354	727
SF2635A.1.mpg	79	252.09	719	454
SF2635B.1.mpg	128	386.61	1156	599
SF2638A.1.mpg	139	484.83	1449	729
SF2639.1.mpg	76	256.72	762	401
SF2641.1.mpg	80	313.34	933	410
SF2643.1.mpg	98	416.97	1175	574
SF2645.1 Se Sverige del 4, 1934.mpg	115	477.84	1471	691
SF2646.1.mpg	123	388.79	1293	671
SF2647.1.mpg	111	402.78	1263	535
SF2648.1.mpg	149	455.34	1602	612
SF2649.1.mpg	95	362.28	1258	594
SF2650A.1.mpg	61	230.07	749	601
SF2650B.1.mpg	23	109.25	329	490
SF2650D.1.mpg	7	3.21	23	508
SF2650E.1.mpg	18	45.68	111	414
SF2651A-G.1.mpg	188	394.64	1273	3945
SF2652A.1.mpg	3	2.34	8	680
SF2652B.1.mpg	2	0.54	6	567
SF2653A.1.mpg	2	0.42	3	608
SF2653C.1.mpg	57	71.80	243	426
SF2653D.1.mpg	51	78.17	224	610
SF2653E.1.mpg	75	92.87	301	617
SF2653F.1.mpg	84	102.64	299	650
SF2653G.1.mpg	63	91.19	255	543
SF2653H.1.mpg	97	106.85	367	746
SF2653I.1.mpg	122	191.08	648	758
SF2653J.1.mpg	52	60.12	247	870
SF2654.1.mpg	123	228.20	859	569
SF2655.1.mpg	132	323.80	1434	907
SF2656A.1.mpg	68	202.36	749	492
SF2657.1.mpg	132	299.24	1387	828
SF2658.1.mpg	87	376.25	1149	724
SF2659A.1.mpg	11	8.78	34	722
SF2659B.1.mpg	33	222.04	618	574
SF2659C.1.mpg	34	24.33	172	654
SF2659D.1.mpg	83	77.04	292	718
SF2660A.1.mpg	57	270.98	823	571
SF2660B.1.mpg	28	85.96	250	836
SF2661A.1.mpg	19	45.39	155	813
SF2661C.1.mpg	54	205.42	513	519
SF2662.1.mpg	141	374.41	1293	714
SF2663.1.mpg	40	170.06	472	454
SF2666A.1.mpg	51	159.22	471	696
SF2666B.1.mpg	138	197.57	1110	656
SF2667.1.mpg	54	179.30	527	341
SF2668.1.mpg	115	451.90	1291	759
SF2670A-D.1.mpg	270	596.20	1936	2532
SF2671A.1.mpg	61	174.63	532	428
SF2671B.1.mpg	98	260.32	865	574
SF2671C.1.mpg	61	150.80	512	535
SF2672.1.mpg	91	342.40	1070	639
SF2673.1.mpg	13	64.55	126	424
SF2676.1.mpg	87	353.31	1021	725
SF2677A-B.1.mpg	81	285.40	806	909
SF2678.1.mpg	45	193.73	555	728
SF2682A.1.mpg	70	392.33	962	565
SF2682B.1.mpg	50	305.94	687	591
SF2682C.1.mpg	40	228.74	623	562
SF2683.1.mpg	32	158.11	391	481
SF2684.1.mpg	57	290.62	825	548
SF2685.1.mpg	134	538.81	1638	671
SF2686.1.mpg	54	291.85	844	389
SF2687.1.mpg	21	39.57	146	931
SF2688.1.mpg	132	671.34	1873	927
SF2690.1.mpg	100	517.57	1354	709
SF2691.1.mpg	111	556.12	1446	675
SF2692.1.mpg	203	371.98	1490	789
SF2693.1.mpg	52	257.14	817	457
SF2694.1.mpg	135	434.56	1220	798
SF2695.1.mpg	73	317.52	814	619
SF2696.1.mpg	80	345.59	1105	613
SF2697.1.mpg	89	335.19	959	646
SF2698.1.mpg	48	342.36	928	660
SF2699.1.mpg	75	430.70	1153	570
SF2700.1.mpg	77	350.26	1074	570
SF2702.1.mpg	99	606.64	1365	959
SF2703.1.mpg	147	489.26	1586	879
SF2704.1.mpg	52	199.75	613	450
SF2705.1.mpg	84	392.52	1112	553
SF2706.1.mpg	100	372.51	1032	650
SF2707.1.mpg	87	359.91	1057	660
SF2708.1.mpg	114	521.54	1389	714
SF2709.1.mpg	54	188.02	634	649
SF2710.1.mpg	90	421.14	1145	618
SF2711.1.mpg	109	692.86	1700	840
SF2712.1.mpg	150	458.23	1536	588
SF2713.1.mpg	86	309.75	1115	516
SF2714.1.mpg	107	389.40	1273	633
SF2715.1.mpg	55	324.37	888	464
SF2716.1.mpg	93	500.76	1310	693
SF2717.1.mpg	53	244.37	790	672
SF2718.1.mpg	111	467.75	1423	652
SF2719.1.mpg	79	270.61	782	552
SF2720.1.mpg	13	78.14	218	371
SF2721.1.mpg	15	82.42	227	432
SF2723.1.mpg	88	421.45	1090	716
SF2725.1.mpg	18	22.83	164	625
SF2726.1.mpg	52	227.82	666	346
SF2727.1.mpg	70	341.17	995	431
SF2728.1.mpg	75	315.56	971	453
SF2729.1.mpg	96	381.91	1112	561
SF2730.1.mpg	108	358.41	1099	507
SF2731.1.mpg	108	316.79	1053	464
SF2732.1.mpg	143	602.95	1671	796
SF2733.1.mpg	65	272.41	637	513
SF2734.1.mpg	84	269.25	907	411
SF2735A.1.mpg	58	335.19	822	522
SF2735B.1.mpg	62	333.43	852	468
SF2736.1.mpg	74	446.36	1095	677
SF2737.1.mpg	73	276.52	913	492
SF2738.1.mpg	55	195.75	646	617
SF2739A.1.mpg	66	320.40	931	590
SF2739B.1.mpg	2	0.48	4	584
SF2740.1.mpg	59	245.64	752	542
SF2741.1.mpg	91	377.69	1087	510
SF2742A.1.mpg	20	83.43	199	681
SF2743B.1.mpg	34	45.14	264	605
SF2745.1.mpg	55	314.34	799	821
SF2762.1.mpg	11	10.37	79	414
SF2763.1.mpg	35	44.15	231	315
SF2764.1.mpg	10	60.28	165	328
SF2765.1.mpg	53	127.97	440	376
SF2767.1.mpg	20	21.00	106	555
SF2768.1.mpg	33	214.57	647	401
SF2769.1.mpg	19	96.50	277	294
SF2770A.1.mpg	61	222.27	705	550
SF2770B.1.mpg	121	434.69	1366	739
SF2771.1.mpg	87	307.30	851	489
SF2772.1.mpg	147	712.93	2067	847
SF2773.1.mpg	93	313.29	1003	573
SF2774.1.mpg	130	92.69	334	192
SF2775.1.mpg	50	119.83	292	214
SF2776A-B.1.mpg	184	428.04	1371	1006
SF2777.1.mpg	103	319.30	1032	646
SF2778.1.mpg	105	380.47	1130	665
SF2779.1.mpg	50	202.31	555	657
SF2780.1.mpg	99	472.16	1327	748
SF2781.1.mpg	95	408.59	1171	729
SF2782.1.mpg	21	97.39	334	588
SF2783.1.mpg	2	1.78	11	689
SF2784.1.mpg	1	1.26	4	346
SF2785.1.mpg	31	90.94	317	561
SF2786.1.mpg	45	213.19	650	471
SF2787.1.mpg	57	90.03	579	468
SF2788.1.mpg	22	94.01	252	681
SF2789.1.mpg	162	735.65	1743	940
SF2790.1.mpg	3	33.65	15	717
SF2791.1.mpg	8	44.48	102	533
SF2792.1.mpg	18	67.52	143	582
SF2793.1.mpg	67	220.34	483	668
SF2794.1.mpg	59	179.97	599	621
SF2795.1.mpg	33	111.09	373	782
SF2796.1.mpg	6	3.52	33	480
SF2797.1.mpg	84	333.62	1227	680
SF2798.1.mpg	103	303.88	1269	457
SF2799.1.mpg	147	690.44	1755	887
SF2800.1.mpg	85	91.96	676	820
SF2801.1.mpg	63	221.51	403	609
SF2803.1.mpg	119	677.79	1674	879
SF2804.1.mpg	106	564.42	1644	854
SF2805.1.mpg	161	578.80	2159	923
SF2810.1.mpg	9	6.08	24	678
SF2811.1.mpg	69	397.48	1278	677
SF2813.1.mpg	156	620.88	2150	854
SF2814.1.mpg	126	333.46	1116	594
SF2815.1.mpg	92	661.29	1529	762
SF2816A.1.mpg	61	210.83	478	617
SF2817.1.mpg	160	600.34	1780	838
SF2818A.1.mpg	51	162.29	542	700
SF2819.1.mpg	106	393.55	1137	821
SF2820A-B.1.mpg	132	548.77	1503	1104
SF2821A-B.1.mpg	150	431.92	1584	1025
SF2822.1.mpg	114	337.94	884	837
SF2823A-B.1.mpg	155	733.53	1844	1271
SF2824.1.mpg	107	293.17	1082	688
SF2825A.1.mpg	82	335.13	960	478
SF2825B.1.mpg	96	311.83	962	586
SF2828.1.mpg	83	484.09	1278	699
SF2830.1.mpg	94	537.11	1216	693
SF2831A-C.1.mpg	122	182.94	610	1751
SF2832.1.mpg	61	214.21	440	767
SF2833.1.mpg	77	316.84	736	659
SF2834.1.mpg	137	556.97	1535	1092
SF2835.1.mpg	78	315.00	820	841
SF2836A-E.1.mpg	239	921.97	2424	3056
SF2837A.1.mpg	17	86.23	219	935
SF2837B.1.mpg	17	69.22	170	523
SF2838A.1.mpg	45	190.29	457	896
SF2838B.1.mpg	36	191.24	484	308
SF2839A.1.mpg	63	146.06	503	633
SF2840.1.mpg	97	254.18	989	541
SF2842.1.mpg	183	676.15	2089	970
SF2843.1.mpg	42	349.82	774	686
SF2844A-B.1.mpg	140	866.53	1963	1037
SF2845.1.mpg	103	525.54	1296	957
SF2846.1.mpg	122	780.91	1939	987
SF2848.1.mpg	80	548.41	1289	955
SF2849.1.mpg	114	331.70	921	606
SF2851.1.mpg	94	413.12	1251	725
SF2855A-C.1.mpg	160	756.98	1786	1425
SF2855D.1.mpg	53	221.67	649	586
SF2856A-B.1.mpg	131	634.39	1638	1083
SF2857A-B.1.mpg	96	363.85	1047	1042
SF2858.1.mpg	3	0.30	4	501
SF2859.1.mpg	53	104.02	359	388
SF2861.1.mpg	103	786.69	1671	954
SF2862.1.mpg	86	382.04	995	513
SF2865.1.mpg	104	376.52	1171	831
SF2866.1.mpg	4	3.00	16	745
SF2867.1.mpg	77	438.03	1284	550
SF2868A-E.1.mpg	224	1091.96	3166	2157
SF2869.1.mpg	64	275.54	660	638
SF2870.1.mpg	62	278.84	686	553
SF2871A.1.mpg	50	210.96	495	645
SF2871B.1.mpg	43	257.25	636	474
SF2872.1.mpg	86	334.09	1196	669
SF2873.1.mpg	83	383.66	1358	565
SF2874.1.mpg	63	269.43	849	593
SF2875.1.mpg	86	358.53	1057	530
SF2876.1.mpg	26	148.01	433	633
SF2877.1.mpg	104	409.02	1351	622
SF2878.1.mpg	85	418.57	1450	811
SF2879.1.mpg	107	356.21	1102	912
SF2880.1.mpg	44	208.28	660	344
SF2881.1.mpg	106	448.11	1321	776
SF2882.1.mpg	48	260.89	765	580
SF2883.1.mpg	37	179.71	500	421
SF2884.1.mpg	45	259.44	701	606
SF2885A.1.mpg	128	305.18	1278	486
SF2885B-C.1.mpg	302	612.90	2564	1181
SF2886.1.mpg	85	437.70	1288	569
SF2887.1.mpg	88	236.70	1037	607
SF2888.1.mpg	86	331.18	1274	816
SF2889.1.mpg	75	282.35	911	482
SF2890.1.mpg	30	134.50	419	388
SF2891A.1. Åhlen o Holm 1939mpg.mpg	60	262.54	884	422
SF2892.1.mpg	83	377.37	1126	642
SF2893.1.mpg	62	341.36	1028	596
SF2894.1.mpg	59	253.15	905	468
SF2895.1.mpg	12	55.75	185	509
SF2896.1.mpg	67	328.93	957	621
SF2898A.1.mpg	80	348.76	1000	490
SF2898B.1.mpg	57	251.95	695	603
SF2898C.1.mpg	29	146.03	454	589
SF2898D.1.mpg	49	228.92	633	638
SF2898E.1.mpg	55	245.43	649	604
SF2898F.1.mpg	56	302.26	711	650
SF2898G.1.mpg	57	239.23	640	611
SF2899A-H.1.mpg	371	1694.28	4740	4363
SF2901A.1.mpg	89	346.81	994	622
SF2901B.1.mpg	79	375.66	967	624
SF2901C.1.mpg	78	436.40	1113	835
SF2902.1.mpg	114	567.59	1813	784
SF2903.1.mpg	82	297.30	1043	452
SF2904A.1.mpg	145	444.26	1411	814
SF2905.1.mpg	72	313.99	892	666
SF2906.1.mpg	81	441.72	1223	612
SF2907.1.mpg	88	374.10	1209	565
SF2908.1.mpg	60	274.63	796	478
SF2909A-B.1.mpg	161	767.96	2427	1904
SF2910.1.mpg	134	354.83	1290	500
SF2911A.1.mpg	64	177.33	580	556
SF2911B.1.mpg	55	253.66	664	537
SF2913.1.mpg	114	610.97	1535	740
SF2914.1.mpg	131	459.31	1372	670
SF2915.1.mpg	110	441.92	1466	662
SF2916.1.mpg	79	320.21	1091	670
SF2917.1.mpg	77	439.21	1064	619
SF2918.1.mpg	5	18.77	56	519
SF2919.1.mpg	50	219.89	639	713
SF2920.1.mpg	3	0.18	3	462
SF2921.1.mpg	103	535.68	1545	674
SF2922.1.mpg	108	422.84	1413	587
SF2923.1.mpg	100	348.52	1107	548
SF2924.1.mpg	57	314.57	772	501
SF2925A-C.1.mpg	221	919.74	2426	1828
SF2925F.1.mpg	48	305.98	618	589
SF2926A-D.1.mpg	444	1446.36	4520	2360
SF2927.1.mpg	1	0.18	2	573
SF2928A-C.1.mpg	217	947.36	2488	1471
SF2933.1.mpg	123	401.56	1423	540
SF2934.1.mpg	204	485.74	1603	705
SF2935A-B.1.mpg	161	663.76	2131	1218
SF2936.1.mpg	65	247.30	793	570
SF2937.1.mpg	98	336.79	1071	584
SF2938.1.mpg	161	615.30	1912	784
SF2939.1.mpg	53	222.31	702	434
SF2940.1.mpg	67	318.54	950	562
SF2941.1.mpg	88	295.83	919	641
SF2942.1.mpg	20	20.80	113	918
SF2943.1.mpg	80	238.58	712	398
SF2944.1.mpg	125	509.27	1529	907
SF2945.1.mpg	69	240.29	788	474
SF2946A-B.1.mpg	100	376.09	978	993
SF2947.1.mpg	99	458.86	1327	601
SF2948A.1.mpg	76	315.60	938	418
SF2948B.1.mpg	86	464.91	1304	575
SF2949.1.mpg	121	312.65	1508	685
SF2950A-D.1.mpg	121	511.59	1395	1961
SF2951.1.mpg	67	406.54	794	729
SF2952.1.mpg	83	342.05	1069	680
SF2955.1.mpg	53	197.87	622	608
SF2956.1.mpg	6	2.42	17	757
SF2957.1.mpg	80	386.71	1098	533
SF2959.1.mpg	17	76.14	146	692
SF2962A-B.1.mpg	13	11.45	80	1168
SF2963.1.mpg	124	823.22	1862	990
SF2964.1.mpg	73	481.91	1131	832
SF2966.1.mpg	63	171.56	846	429
SF2967A.1.mpg	52	412.74	889	524
SF2967B.1.mpg	48	300.21	777	527
SF2967C.1.mpg	48	353.88	735	583
SF2968.1.mpg	112	483.08	1506	830
SF2969.1.mpg	137	418.90	1976	922
SF2970.1.mpg	84	452.72	1090	664
SF2971.1.mpg	103	641.06	1588	836
SF2972.1.mpg	94	445.96	1133	624
SF2973.1.mpg	22	110.86	286	135
SF2974.1.mpg	50	223.28	657	351
SF2975.1.mpg	53	186.15	586	362
SF2976.1.mpg	62	252.05	920	760
SF2977.1.mpg	71	302.92	895	487
SF2978A-B.1.mpg	116	508.45	1405	1092
SF2979.1.mpg	64	199.22	597	605
SF2980.1.mpg	39	181.73	424	487
SF2981A.1.mpg	63	336.28	825	516
SF2982A.1.mpg	94	312.86	942	881
SF2982B.1.mpg	95	301.49	1118	535
SF2983.1.mpg	109	415.78	1251	591
SF2984A.1.mpg	21	116.67	313	623
SF2985A.1.mpg	44	322.91	670	606
SF2988.1.mpg	48	219.35	631	670
SF2989.1.mpg	120	500.14	1359	672
SF2990.1.mpg	88	520.26	1451	743
SF2991.1.mpg	78	452.38	1122	793
SF2992.1.mpg	71	325.27	791	534
SF2993.1.mpg	110	538.33	1358	756
SF2994.1.mpg	128	520.11	1326	680
SF2995.1.mpg	65	276.20	842	649
SF2996A.1.mpg	133	332.23	1119	592
SF2996B.1.mpg	112	497.06	1443	600
SF2996C.1.mpg	133	399.77	1135	578
SF2996D.1.mpg	130	301.61	1031	630
SF2997A-E.1.mpg	296	1272.23	3878	2661
SF2997F.1.mpg	30	138.37	375	270
SF2998A-F.1.mpg	551	605.62	3215	3460
SF2999.1.mpg	92	418.87	1122	715
SF3000.1.mpg	84	367.94	925	748
SF3001.1.mpg	58	286.69	537	537
SF3002.1.mpg	149	819.36	2220	966
SF3003.1.mpg	161	551.71	1555	771
SF3005.1.mpg	140	509.02	1600	901
SF3006.1.mpg	106	416.44	1383	716
SF3007A-C.1.mpg	189	522.25	2435	1541
SF3008A.1.mpg	121	462.70	1416	762
SF3008B.1.mpg	118	613.42	1532	823
SF3009A-D.1.mpg	301	1473.52	4177	2399
SF3010.1.mpg	131	636.11	1716	939
SF3011A-B.1.mpg	276	652.88	2405	1323
SF3012A.1.mpg	98	339.91	918	456
SF3012B.1.mpg	117	419.86	1163	545
SF3012C.1.mpg	128	410.95	1207	563
SF3013.1.mpg	198	482.57	1734	703
SF3014.1.mpg	108	524.52	1345	715
SF3015A.1.mpg	78	323.28	839	417
SF3015B.1.mpg	46	94.62	331	262
SF3017.1.mpg	22	79.06	255	624
SF3040A.1.mpg	59	102.86	357	223
SF3047.1.mpg	7	65.82	93	666
SF3048.1.mpg	8	16.12	69	509
SF3052A.1.mpg	92	430.49	1187	563
SF3052B.1.mpg	110	497.36	1241	687
SF3052C.1.mpg	102	529.01	1500	680
SF3052D.1.mpg	93	459.63	1258	666
SF3053A.1.mpg	16	98.61	189	564
SF3053B.1.mpg	1	0.10	1	450
SF3054.1.mpg	39	46.83	175	344
SF3055.1.mpg	54	149.74	341	417
SF3056.1.mpg	166	797.13	2004	1253
SF3057.1.mpg	163	768.49	2055	961
SF3058.1.mpg	188	472.69	1479	865
SF3059.1.mpg	58	114.98	378	501
SF3066.1.mpg	108	411.17	1514	695
SF3070.1.mpg	112	373.79	1039	544
SF3071.1.mpg	95	260.36	988	1056
SF3094.1.mpg	53	226.58	690	788
SF3102.1.mpg	80	241.60	708	602
SF3103A-C.1.mpg	338	931.12	2965	1607
SF3104.1.mpg	190	525.43	1628	839
SF3105.1.mpg	112	420.22	1325	803
SF3107A-B.1.mpg	405	647.76	2384	1128
SF3111A.1.mpg	99	466.80	1294	626
SF3111B.1.mpg	126	554.89	1644	837
SF3115.1.mpg	27	132.96	395	556
SF3116.1.mpg	64	333.21	827	443
SF3117.1.mpg	58	220.90	591	586
SF3118.1.mpg	167	480.15	1900	755
SF3119.1.mpg	135	426.05	1376	696
SF3120.1.mpg	179	590.30	1893	786
SF3122.1.mpg	32	165.93	522	515
SF3124.1.mpg	60	276.66	804	553
SF3125.1.mpg	119	337.64	1031	503
SF3126.1.mpg	12	65.12	185	471
SF3127.1.mpg	60	207.76	677	667
SF3128.1.mpg	96	379.28	1124	516
SF3129.1.mpg	73	176.23	724	450
SF3130.1.mpg	127	248.44	1067	491
SF3131.1.mpg	92	249.51	717	455
SF3132.1.mpg	100	242.96	881	677
SF3134.1.mpg	61	300.02	933	639
SF3135.1.mpg	77	289.29	833	521
SF3136.1.mpg	24	62.95	330	397
SF3137.1.mpg	78	329.18	1029	689
SF3138.1.mpg	45	265.70	663	557
SF3139.1.mpg	3	0.80	8	591
SF3140.1.mpg	40	266.77	699	534
SF3141.1.mpg	80	351.16	1088	551
SF3142.1.mpg	60	247.43	781	485
SF3143.1.mpg	55	201.80	621	621
SF3144.1.mpg	15	47.10	169	439
SF3145.1.mpg	79	353.08	1069	589
SF3147.1.mpg	81	255.92	969	518
SF3148.1.mpg	101	476.10	1334	866
SF3149.1.mpg	67	279.29	849	611
SF3150.1.mpg	45	193.64	783	401
SF3151.1.mpg	169	452.19	1495	651
SF3152.1.mpg	88	450.84	1172	564
SF3153.1.mpg	76	304.73	1134	534
SF3154.1.mpg	83	277.47	950	506
SF3155.1.mpg	88	363.63	1118	536
SF3156.1.mpg	53	295.07	775	534
SF3157.1.mpg	63	287.91	1030	572
SF3158.1.mpg	33	186.42	530	586
SF3159.1.mpg	131	526.10	1542	797
SF3160.1.mpg	186	450.13	1782	795
SF3161A-C.1.mpg	34	157.62	470	1350
SF3162.1.mpg	269	466.19	1644	810
SF3163.1.mpg	12	36.08	132	603
SF3164.1.mpg	74	337.03	771	736
SF3168.1.mpg	213	484.13	1789	930
SF3169A.1.mpg	74	381.17	1013	545
SF3169B.1.mpg	110	379.86	1226	538
SF3170A.1.mpg	72	250.21	866	603
SF3170B.1.mpg	74	403.97	1022	738
SF3171A.1.mpg	32	172.32	365	478
SF3171B.1.mpg	31	180.38	425	625
SF3171C.1.mpg	36	227.53	520	357
SF3172A.1.mpg	119	265.18	999	569
SF3172B.1.mpg	212	356.80	1585	618
SF3172C.1.mpg	106	305.25	934	847
SF3173.1.mpg	38	200.35	468	491
SF3174A-C.1.mpg	264	975.13	2974	1680
SF3175.1.mpg	31	141.65	527	691
SF3178.1.mpg	11	23.14	91	570
SF3179.1.mpg	72	377.91	1106	834
SF3180.1.mpg	70	373.82	1044	524
SF3181.1.mpg	51	319.93	891	527
SF3182.1.mpg	79	355.46	958	616
SF3187.1.mpg	57	363.20	955	579
SF3188.1.mpg	85	354.60	1103	729
SF3189.1.mpg	131	461.85	1388	826
SF3190A.1.mpg	65	258.67	810	626
SF3190B.1.mpg	42	181.18	519	634
SF3191.1.mpg	117	282.09	881	532
SF3193A.1.mpg	105	332.81	1041	592
SF3193B.1.mpg	97	246.55	731	470
SF3194.1.mpg	158	460.21	1514	723
SF3195.1.mpg	62	257.66	848	390
SF3196.1.mpg	95	378.19	1359	800
SF3197.1.mpg	1	0.50	1	623
SF3198.1.mpg	117	471.35	1327	630
SF3199.1.mpg	115	377.24	1194	722
SF3200A.1.mpg	94	331.53	888	714
SF3201.1.mpg	56	274.48	832	624
SF3202.1.mpg	121	375.12	1273	562
SF3203.1.mpg	36	155.45	530	369
SF3204.1 om fotografi UFA 1936.mpg	81	328.69	960	566
SF3205A.1.mpg	82	418.64	982	725
SF3205B.1.Atronomi 1935-36mpg.mpg	78	463.13	1181	621
SF3206.1.mpg	62	336.31	997	689
SF3207.1.Astronomi 1937mpg.mpg	86	377.70	1218	587
SF3208.1.mpg	109	468.01	1642	674
SF3209.1.mpg	150	511.39	1800	854
SF3210.1.mpg	76	364.87	958	506
SF3211.1.mpg	73	312.34	938	764
SF3212.1.mpg	51	247.19	759	546
SF3213.1.mpg	29	171.54	540	684
SF3214.1.mpg	64	233.95	907	492
SF3215.1.mpg	122	539.01	1795	714
SF3217.1.mpg	97	364.68	1164	845
SF3219.1.mpg	67	255.52	759	572
SF3222.1.mpg	132	556.51	1424	838
SF3223.1.mpg	100	367.54	1126	859
SF3224.1.mpg	61	313.61	934	672
SF3226.1.mpg	67	275.73	634	571
SF3227A.1.mpg	70	317.53	929	543
SF3227B.1.mpg	24	154.57	340	710
SF3228.1.mpg	122	563.40	1473	808
SF3229.1.mpg	131	544.11	1511	691
SF3230.1.mpg	61	201.58	489	866
SF3231.1.mpg	99	473.88	1142	960
SF3232A-B.1.mpg	107	205.05	891	1033
SF3233A.1.mpg	63	276.29	698	539
SF3233B.1.mpg	59	234.23	589	493
SF3234.1.mpg	2	1.24	8	706
SF3236A-B.1.mpg	62	278.64	767	921
SF3237.1.mpg	13	20.00	57	857
SF3238A-B.1.mpg	155	192.14	1010	1080
SF3239A.1.mpg	35	79.32	292	516
SF3239B.1.mpg	40	72.67	281	510
SF3240A.1.mpg	73	425.03	980	599
SF3240B.1.mpg	66	389.87	878	603
SF3240C.1.mpg	33	183.32	432	363
SF3241A.1.mpg	72	357.33	987	626
SF3241B.1.mpg	60	264.98	735	578
SF3241C.1.mpg	45	204.52	511	620
SF3241D.1.mpg	43	211.32	501	843
SF3242A.1.mpg	45	233.00	526	555
SF3242B.1.mpg	116	530.57	1206	1430
SF3242C.1.mpg	59	275.99	587	854
SF3242D.1.mpg	49	256.46	475	585
SF3242E.1.mpg	38	135.36	303	560
SF3243.1.mpg	101	374.52	1051	529
SF3244.1.mpg	147	524.47	1637	777
SF3245.1.mpg	158	478.00	1303	833
SF3248.1.mpg	66	225.14	480	641
SF3250A-C.1.mpg	479	1016.15	3854	1970
SF3252A.1.mpg	56	232.91	622	513
SF3252B.1.mpg	32	201.94	448	523
SF3253A.1.mpg	33	100.31	257	383
SF3253B.1.mpg	61	235.68	593	544
SF3253C.1.mpg	51	192.08	522	578
SF3253D.1.mpg	45	237.17	482	616
SF3254.1.mpg	143	535.10	1205	942
SF3256A.1.mpg	63	186.32	728	579
SF3256B.1.mpg	57	98.79	301	416
SF3260.1.mpg	27	95.29	307	504
SF3261A-E.1.mpg	199	861.58	2305	2699
SF3262A.1.mpg	277	481.51	1635	879
SF3262B.1.mpg	147	301.05	956	552
SF3265.1.mpg	59	253.61	771	515
SF3266A.1.mpg	129	183.71	786	769
SF3266B.1.mpg	118	205.44	624	688
SF3266C.1.mpg	91	373.14	1125	827
SF3267.1.mpg	81	125.82	698	491
SF3271.1.mpg	47	207.77	624	617
SF3290.1.mpg	53	249.91	762	536
SF3291.1.mpg	63	295.32	757	593
SF3292.1.mpg	144	313.47	921	570
SF3293.1.mpg	126	434.40	1373	681
SF3294.1.mpg	138	356.37	1201	655
SF3295.1.mpg	88	232.41	769	530
SF3296A.1.mpg	91	309.28	954	565
SF3297.1.mpg	139	282.64	1082	707
SF3298A-B.1.mpg	70	538.12	1287	817
SF3299.1.mpg	2	0.92	3	343
SF3300.1.mpg	571	757.90	2685	1824
SF3301A.1.mpg	1	1.30	4	500
SF3301B.1.mpg	1	0.12	2	470
SF3302.1.mpg	64	313.36	683	533
SF3304.1.mpg	6	0.76	6	498
SF3305.1.mpg	47	215.23	474	744
SF3307.1.mpg	46	169.76	537	413
SF3308.1.mpg	19	23.55	78	451
SF3309A.1.mpg	50	196.22	547	555
SF3309B.1.mpg	28	63.47	204	627
SF3309C.1.mpg	15	14.53	117	444
SF3310.1.mpg	107	458.50	1181	887
SF3312.1.mpg	28	227.85	521	811
SF3314.1.mpg	6	4.62	14	872
SF3316.1.mpg	1	0.06	1	605
SF3317A.1.mpg	34	181.44	396	607
SF3317B.1.mpg	47	178.80	442	792
SF3318.1.mpg	83	196.08	776	550
SF3319A.1.mpg	123	352.27	1164	575
SF3319B.1.mpg	139	406.29	1319	640
SF3321.1.mpg	1	0.94	4	530
SF3322A-B.1.mpg	55	65.50	323	1049
SF3342A.1.mpg	43	154.20	345	456
SF3342B.1.mpg	54	257.02	575	609
SF3342C.1.mpg	21	64.51	113	207
SF3344.1.mpg	1	1.71	16	683
SF3345.1.mpg	34	175.49	327	664
SF3352.1.mpg	105	380.41	918	797
SF3353.1.mpg	140	221.10	1130	492
SF3354.1.mpg	18	137.17	321	167
SF3357A.1.mpg	40	171.23	332	422
SF3357B.1.mpg	60	273.45	589	363
SF3358.1.mpg	66	398.23	941	571
SF3364.1.mpg	463	1808.64	4852	4430
SF3365.1.mpg	97	281.80	1094	801
SF3366.1.mpg	65	184.49	737	663
SF3367.1.mpg	56	215.89	724	543
SF3368.1.mpg	99	293.23	936	666
SF3369.1.mpg	84	268.43	969	638
SF505.1.mpg	1	1.45	7	689
SF564.1.mpg	1	0.08	1	845
SF674B.1.mpg	23	74.39	277	564
SF675.1.mpg	25	66.18	310	560
SF679A.1.mpg	24	21.54	96	497
SF689.1.mpg	2	21.40	12	575
SF694.1.mpg	54	79.06	320	631
SF705.1.mpg	10	105.76	151	611
SF707.1.mpg	53	178.03	492	720
SF708A.1.mpg	54	49.29	215	566
SF709A.1.mpg	65	492.84	1198	585
SF710.1.mpg	76	470.44	992	877
SF711.1.mpg	13	16.50	84	690
SF712.1.mpg	17	119.59	208	783
SF713.1.mpg	37	166.44	558	850
SF714.1.mpg	48	320.78	715	792
SF715.1.mpg	1	0.34	3	757
SF716A.1.mpg	32	232.73	421	672
SF717A.1.mpg	38	151.31	469	590
SF718.1.mpg	11	26.38	101	748
SF721.1.mpg	14	41.18	80	823
SF722.1.mpg	2	2.56	12	671
SF723A.1.mpg	9	4.25	37	561
SF723B.1.mpg	25	29.88	153	772
SF727.1.mpg	61	110.62	355	607
SF729A.1.mpg	14	77.76	278	283
SF730.1.mpg	1	0.26	2	344
SF733.1.mpg	39	45.62	265	724
SF736.1.mpg	67	126.50	439	841
SF737.1.mpg	53	145.79	463	780
SF739A.1.mpg	37	101.19	237	595
SF740.1.mpg	38	150.13	365	748
SF744A.1.mpg	86	155.49	590	769
SF745.1.mpg	34	153.17	314	631
SF747.1.mpg	18	48.45	191	731
SF748.1.mpg	109	213.33	808	915
SF749.1.mpg	20	73.64	265	331
SF751.1.mpg	9	142.96	198	734
SF752A.1.mpg	3	1.86	9	805
SF753A.1.mpg	38	303.88	495	802
SF754.1.mpg	27	111.45	211	607
SF757A.1.mpg	5	15.86	86	492
SF758.1.mpg	23	59.75	195	521
SF759.1.mpg	82	305.47	896	705
SF761.1.mpg	42	141.83	452	532
SF762.1.mpg	12	20.89	94	380
SF763.1.mpg	101	205.09	706	770
SF764A-B.1.mpg	102	561.14	1302	902
SF764C.1.mpg	68	216.40	697	594
SF765.1.mpg	14	5.18	20	770
SF766.1.mpg	89	336.20	847	688
SF767.1.mpg	117	348.99	1064	633
SF768A.1.mpg	14	13.98	72	496
SF769A.1.mpg	95	359.97	1068	916
SF769B.1.mpg	2	0.28	3	437
SF769C.1 dans england.mpg	44	55.90	190	562
SF769D.1.mpg	21	55.55	153	453
SF769E.1.mpg	7	11.84	48	481
SF769F.1.mpg	8	2.65	16	402
SF769G.1.mpg	28	51.43	172	523
SF769H.1.mpg	15	18.96	128	539
SF770A.1.mpg	14	23.03	117	526
SF770B.1.mpg	30	20.87	111	654
SF771.1.mpg	29	159.95	418	783
SF773.1.mpg	79	217.58	732	597
SF774.1.mpg	45	167.95	581	710
SF775.1.mpg	44	158.41	563	581
SF776A.1.mpg	38	181.65	542	461
SF776B.1.mpg	65	249.74	715	339
SF777.1.mpg	14	63.73	197	552
SF778A.1.mpg	26	114.58	306	428
SF779.1.mpg	51	164.38	470	750
SF780A.1.mpg	43	185.14	552	724
SF780B.1.mpg	18	29.87	157	636
SF781.1.mpg	36	110.13	453	603
SF782.1.mpg	31	82.34	298	460
SF783.1.mpg	57	161.14	629	643
SF784.1.mpg	24	124.51	378	514
SF785.1.mpg	35	118.36	317	701
SF786.1.mpg	50	147.86	432	802
SF787A.1.mpg	41	178.12	522	620
SF788.1.mpg	17	67.99	245	471
SF790A.1.mpg	63	404.36	1007	609
SF790B.1.mpg	96	464.95	1261	591
SF792A.1.mpg	133	352.56	1234	786
SF793.1.mpg	6	3.94	14	586
SF794.1.mpg	1	0.86	1	402
SF795A.1.mpg	17	87.91	240	672
SF796.1.mpg	82	293.91	858	696
SF797.1.mpg	34	107.52	293	791
SF799.1.mpg	15	21.14	96	694
SF800.1.mpg	37	209.06	483	594
SF801.1.mpg	67	235.16	706	561
SF802.1.mpg	3	4.98	38	606
SF803.1.mpg	115	260.48	872	617
SF804.1.mpg	85	283.95	897	797
SF805.1.mpg	3	1.76	12	508
SF806.1.mpg	36	101.76	442	567
SF807.1.mpg	60	194.88	511	656
SF808.1.mpg	48	159.18	551	529
SF809A.1.mpg	97	306.61	1190	521
SF810.1 Modern reklamfilm 1934.mpg	42	129.12	359	797
SF811A.1.mpg	19	23.21	89	430
SF811B.1.mpg	30	108.19	358	526
SF812.1. Göteborgsminnen Sjöfartsmuseet 1934mpg.mpg	65	173.16	583	636
SF813.1.mpg	80	222.54	866	851
SF815.1.mpg	60	351.87	830	521
SF816A.1.mpg	61	252.71	684	400
SF816B.1.mpg	24	63.90	167	523
SF817.1.mpg	67	225.99	677	549
SF819.1.mpg	74	232.31	712	733
SF820.1.mpg	26	57.45	171	700
SF821.1.mpg	49	167.22	462	658
SF823.1.mpg	41	225.98	593	740
SF824.1.mpg	91	366.84	1043	647
SF825.1.mpg	84	311.41	912	710
SF826A.1.mpg	35	35.49	93	792
SF827A.1.mpg	152	454.06	1378	616
SF828C.1.mpg	40	178.46	506	644
SF829A.1.mpg	57	316.04	779	501
SF829B.1.mpg	8	42.58	114	324
SF831.1.mpg	29	219.51	582	340
SF834.1.mpg	22	127.13	309	571
SF835.1.mpg	71	352.02	971	696
SF836.1.mpg	37	146.60	439	806
SF839A.1.mpg	28	103.10	257	246
SF840.1.mpg	47	199.91	583	531
SF841A.1.mpg	61	359.34	1105	847
SF841B.1.mpg	24	112.19	403	700
SF844A.1.mpg	16	43.39	168	594
SF845.1.mpg	19	61.57	181	582
SF846.1.mpg	37	125.03	569	602
SF847A.1.mpg	58	197.74	744	842
SF848A.1.mpg	119	406.30	1322	623
SF848B.1.mpg	75	230.08	734	783
SF848C.1.mpg	81	272.50	852	715
SF849.1.mpg	95	327.54	1026	813
SF850A.1.mpg	8	17.77	18	887
SF850B.1.mpg	55	205.24	602	715
SF850C.1 Bok räddas, 1934.mpg	114	303.41	1089	813
SF851.1.mpg	36	181.50	484	384
SF852.1.mpg	2	0.78	6	793
SF853A.1.mpg	38	143.40	428	849
SF853B.1.mpg	1	5.27	25	471
SF854.1.mpg	96	281.00	891	423
SF855A.1.mpg	73	276.97	882	393
SF855B.1.mpg	103	502.26	1229	888
SF856.1.mpg	22	113.28	330	675
SF857.1.mpg	102	310.40	1042	826
SF858.1.mpg	52	190.66	618	640
SF859.1.mpg	33	87.47	332	808
SF860.1.mpg	51	220.14	663	504
SF861A.1.mpg	74	188.30	772	718
SF861B.1.mpg	56	273.06	815	538
SF862.1.mpg	98	301.72	994	834
SF863A.1.mpg	56	418.16	1036	546
SF863B.1.mpg	14	28.90	140	680
SF864A.1.mpg	113	339.94	1340	618
SF865A.1.mpg	23	107.85	308	471
SF865B.1.mpg	10	10.69	53	441
SF866A.1.mpg	33	99.99	413	566
SF866B.1.mpg	88	382.55	1198	758
SF866C.1.mpg	16	39.31	105	369
SF866D.1.mpg	47	231.77	725	586
SF867A.1.mpg	14	41.68	124	651
SF868A.1.mpg	17	118.73	275	375
SF868B.1.mpg	1	2.39	7	513
SF869A.1.mpg	98	438.63	1339	682
SF869B.1.mpg	22	17.16	84	531
SF870.1.mpg	55	291.99	865	424
SF871A.1.mpg	53	193.93	756	520
SF871B.1.mpg	18	58.59	148	698
SF871C.1.mpg	2	0.40	2	838
SF872.1.mpg	95	409.72	1202	656
SF873.1.mpg	101	419.82	1186	690
SF874.1.mpg	74	281.21	920	659
SF875A.1.mpg	54	170.56	563	410
SF875B.1.mpg	26	81.10	254	579
SF876A.1.mpg	37	129.74	375	586
SF876B.1.mpg	75	324.23	893	836
SF876C.1.mpg	92	308.96	840	564
SF877A.1.mpg	31	139.80	433	564
SF877B.1.mpg	47	175.76	606	552
SF878A.1.mpg	60	226.53	780	482
SF878B.1.mpg	27	76.66	283	484
SF878C.1.mpg	30	116.87	368	566
SF879A.1.mpg	50	224.99	726	619
SF879B.1.mpg	82	298.82	945	475
SF879C.1.mpg	53	155.27	529	340
SF879D.1.mpg	16	3.83	39	690
SF879E.1.mpg	15	5.93	38	845
SF880.1.mpg	20	114.28	337	416
SF881A.1.mpg	34	167.16	533	518
SF881B.1.mpg	5	13.09	43	747
SF882A.1.mpg	39	193.88	542	388
SF882B.1.mpg	48	161.05	675	706
SF883.1.mpg	76	251.17	869	655
SF884A.1.mpg	68	298.08	750	662
SF884B.1.mpg	68	238.66	815	905
SF885A.1.mpg	47	204.98	592	600
SF885B.1.mpg	28	54.74	215	558
SF886.1.mpg	56	218.56	676	499
SF887.1.mpg	84	350.54	1092	677
SF888.1.mpg	55	286.02	884	483
SF889A.1.mpg	60	297.05	882	490
SF889B.1.mpg	39	82.02	426	581
SF890.1.mpg	91	356.61	1085	570
SF891A.1.mpg	117	392.43	1190	727
SF891B.1.mpg	21	29.48	173	566
SF891C.1.mpg	51	271.44	801	755
SF891D.1.mpg	32	165.73	413	485
SF891E.1.mpg	35	223.57	505	328
SF891F.1.mpg	7	2.94	21	935
SF892A.1.mpg	28	112.47	401	393
SF892B.1.mpg	78	253.94	989	484
SF893.1.mpg	35	154.95	519	333
SF894.1.mpg	72	329.78	984	608
SF895.1.mpg	39	160.38	577	589
SF896A.1.mpg	90	303.80	1012	669
SF896B.1.mpg	98	157.40	560	725
SF897.1.mpg	37	209.27	614	439
SF898.1.mpg	105	271.62	974	654
SF899A.1.mpg	99	425.05	1223	558
SF899B.1.mpg	63	207.96	725	363
SF900A.1.mpg	38	156.83	446	708
SF900B.1.mpg	41	177.59	468	745
SF901A.1.mpg	48	184.40	545	683
SF902A.1.mpg	32	165.81	416	485
SF902B.1.mpg	94	306.90	1073	495
SF903.1.mpg	15	74.11	211	276
SF904.1.mpg	19	73.37	277	363
SF905A.1.mpg	55	225.53	807	573
SF905B.1.mpg	17	33.65	152	568
SF906.1.mpg	52	142.64	429	775
SF907A.1.mpg	97	460.88	1340	771
SF907B.1.mpg	75	424.38	1106	703
SF908A.1.mpg	92	347.62	1112	642
SF908B.1.mpg	19	43.47	132	746
SF908D.1.mpg	70	269.99	872	528
SF908E.1.mpg	68	292.19	926	538
SF909A.1.mpg	52	262.84	822	603
SF909E.1.mpg	57	318.47	923	512
SF910A.1.mpg	38	173.50	450	486
SF910B.1.mpg	10	10.58	33	753
SF910C.1.mpg	11	15.48	71	595
SF911.1.mpg	34	158.90	474	662
SF912A.1.mpg	133	325.22	1055	645
SF912B.1.mpg	20	16.90	109	579
SF913.1.mpg	98	89.72	321	455
SF914A.1.mpg	48	189.40	663	521
SF914B.1.mpg	72	242.33	706	515
SF915A.1.mpg	28	131.34	413	510
SF915B.1.mpg	20	50.58	316	577
SF915C.1.mpg	39	59.78	113	738
SF916A.1.mpg	24	120.75	317	571
SF916B.1.mpg	95	527.89	1479	849
SF917.1.mpg	70	230.53	825	617
SF918A.1.mpg	15	94.22	255	291
SF918B.1.mpg	30	67.22	203	658
SF919A.1.mpg	49	252.51	711	417
SF919B.1.mpg	21	42.45	219	710
SF919C.1.mpg	29	49.07	306	415
SF920.1.mpg	38	202.81	703	453
SF921.1.mpg	15	111.13	294	453
SF922.1.mpg	60	193.60	680	353
SF923.1.mpg	20	125.20	379	436
SF924A.1.mpg	41	152.69	560	293
SF924B.1.mpg	88	371.72	946	671
SF925A.1.mpg	42	257.18	688	555
SF925B.1.mpg	29	83.23	288	614
SF926A.1.mpg	11	56.59	169	588
SF926B.1.mpg	74	275.03	1015	857
SF927A.1.mpg	18	77.57	263	493
SF927B.1.mpg	24	51.71	240	598
SF928.1.mpg	20	105.84	295	394
SF929.1.mpg	33	182.90	550	373
SF930A.1.mpg	88	486.26	1291	788
SF930B.1.mpg	19	77.71	249	791
SF931A.1.mpg	30	119.34	393	396
SF931B.1.mpg	17	28.39	108	431
SF932A.1.mpg	47	185.65	602	625
SF932B.1.mpg	67	413.40	1022	619
SF932C.1.mpg	3	1.27	14	467
SF933A.1.mpg	32	164.11	428	369
SF933B.1.mpg	27	161.35	420	541
SF934.1.mpg	74	274.12	877	469
SF935.1.mpg	86	263.65	853	760
SF936A.1.mpg	48	255.46	730	521
SF936B.1.mpg	14	63.78	216	258
SF937.1.mpg	71	386.99	1160	484
SF938A.1.mpg	84	217.40	717	744
SF938B.1.mpg	7	14.92	52	343
SF939A.1.mpg	62	314.75	1046	625
SF940A.1.mpg	42	127.25	424	341
SF941.1.mpg	30	144.08	452	647
SF942.1.mpg	21	120.55	370	508
SF943A.1.mpg	50	295.09	812	423
SF943C.1.mpg	20	49.44	142	585
SF944.1Reklamen tjänar samhället, 1937.mpg	33	151.42	471	403
SF945A.1.mpg	23	135.56	418	414
SF945B.1.mpg	9	63.94	122	366
SF945C.1.mpg	63	178.64	560	601
SF945D.1.mpg	74	314.00	1030	618
SF945E.1.mpg	1	0.10	1	539
SF945F.1.mpg	99	383.57	1261	812
SF945G.1.mpg	26	106.91	321	532
SF945H.1.mpg	10	10.01	31	841
SF946A.1.mpg	37	192.67	476	529
SF946B.1.mpg	47	232.16	769	544
SF947A.1.mpg	33	179.14	482	430
SF948.1.mpg	27	185.68	549	418
SF949A.1.mpg	32	176.69	476	485
SF949B.1.mpg	16	74.14	146	416
SF950.1.mpg	20	136.92	376	623
SF951.1.mpg	25	156.81	405	771
SF952.1.mpg	53	235.32	695	629
SF953A.1.mpg	15	79.20	219	443
SF953B.1.mpg	5	1.80	13	594
SF953C.1.mpg	29	78.32	217	683
SF954.1.mpg	5	25.75	54	589
SF955A.1.mpg	15	92.68	280	589
SF955B.1.mpg	39	95.69	462	362
SF955C.1.mpg	58	125.70	461	580
SF955D.1.mpg	86	309.14	877	623
SF956A.1.mpg	67	290.72	962	772
SF957.1.mpg	21	117.11	354	511
SF958A.1.mpg	69	296.74	852	465
SF959.1.mpg	28	89.06	276	686
SF960A.1.mpg	27	88.10	313	708
SF961.1.mpg	21	98.65	259	424
SF962.1.mpg	22	118.11	321	670
SF963.1.mpg	36	202.35	556	612
SF964A.1.mpg	38	171.30	593	432
SF964B.1.mpg	3	0.48	3	619
SF965.1.mpg	39	159.43	605	417
SF966B.1.mpg	118	315.34	1023	596
SF967B.1.mpg	157	272.01	1051	694
SF969.1.mpg	17	101.82	335	482
SF970A.1.mpg	31	169.16	572	375
SF970B.1.mpg	39	117.46	513	523
SF970C.1.mpg	25	22.77	110	408
SF971.1.mpg	71	351.44	1153	651
SF972.1.mpg	18	90.82	313	304
SF973.1.mpg	38	200.73	590	622
SF974A.1.mpg	50	207.46	724	620
SF974B.1.mpg	63	232.39	689	656
SF975A.1.mpg	37	139.34	458	601
SF975B.1.mpg	23	8.33	67	792
SF975C.1.mpg	16	41.21	99	458
SF976.1.mpg	31	147.10	400	438
SF977A.1.mpg	43	220.05	659	558
SF977B.1.mpg	74	248.75	796	556
SF978.1.mpg	79	383.80	1160	903
SF979.1.mpg	58	302.74	893	610
SF980.1.mpg	52	222.13	645	531
SF981.1.mpg	43	224.09	643	478
SF982A.1.mpg	37	194.37	590	470
SF982B.1.mpg	17	75.56	220	298
SF982D.1.mpg	11	28.17	102	598
SF982E.1.mpg	28	84.24	262	746
SF982F.1.mpg	2	0.12	2	441
SF983A.1.mpg	70	351.38	1036	689
SF984.1.mpg	68	361.40	1110	833
SF985A.1.mpg	44	179.01	488	617
SF985B.1.mpg	35	175.90	525	435
SF986A.1.mpg	48	224.78	709	586
SF986B.1.mpg	58	376.67	1019	695
SF986C.1.mpg	18	66.39	223	772
SF987A.1.mpg	50	173.62	655	518
SF988.1.mpg	71	347.68	911	553
SF989.1.mpg	74	356.67	1074	586
SF990A.1.mpg	39	172.32	541	742
SF990B.1.mpg	67	293.41	1021	748
SF990C.1.mpg	21	66.89	234	792
SF991.1.mpg	63	310.39	923	612
SF992A.1.mpg	62	294.55	855	649
SF993A.1.mpg	43	190.71	601	537
SF993B.1.mpg	76	327.14	1004	549
SF994A.1.mpg	25	105.05	384	436
SF994B.1.mpg	24	47.78	152	528
SF994C.1.mpg	76	262.85	860	453
SF995.1.mpg	80	412.13	1301	675
SF996A.1.mpg	84	484.50	1499	768
SF996B.1.mpg	63	127.67	693	618
SF997.1.mpg	31	183.19	571	460
SF998.1.mpg	76	368.76	1101	588
SF999.1.mpg	22	140.57	403	466
SJ-ISAM.1.mpg	183	906.12	2347	2077
SJ100.1.mpg	87	506.34	1190	750
SJ111.1.mpg	5	27.63	75	48
SJ119.1.mpg	31	127.14	343	988
SJ143.1.mpg	48	179.35	591	363
SJ146.1.mpg	109	504.36	1330	812
SJ173A.1.mpg	108	638.53	1601	945
SJ173B.1.mpg	66	322.66	760	579
SJ173C.1.mpg	63	364.49	933	605
SJ188.1.mpg	92	250.52	694	831
SJ196.1.mpg	70	273.20	909	775
SJ213.1.mpg	8	29.36	112	628
SJ216.1.mpg	83	488.90	1302	587
SJ218.1.mpg	16	47.85	186	284
SJ3.1.mpg	20	78.04	264	111
SJ30.1.mpg	5	23.05	60	98
SJ35.1.mpg	134	451.14	1202	942
SJ36.1.mpg	165	902.39	2398	1308
SJ51A.1.mpg	83	374.02	844	591
SJ51B.1.mpg	32	125.42	320	260
SJ63.1.mpg	73	434.03	1200	830
SJ70.1.mpg	39	157.18	477	599
SJ73.1.mpg	88	479.87	1276	746
SJA67.1.mpg	110	516.34	1498	753
SJA9B.1.mpg	13	96.38	291	179
