Kino1-2A	1905
Kino100	1935
Kino101	1935
Kino102	1935
Kino103	1925
Kino104	1924
Kino105	1933
Kino106	1936
Kino107	1933
Kino108	1935
Kino109	1946
Kino10A	1924
Kino10B	1929
Kino10C	1950
Kino111A-I	1951
Kino112	1928
Kino113A	1954
Kino113B	1954
Kino114	1954
Kino115	1935
Kino116	1933
Kino117	1936
Kino118	1936
Kino119	1937
Kino11A	1930
Kino11B	1923
Kino11C	1929
Kino12	1938
Kino120	1937
Kino121	1937
Kino122	1939
Kino123	1939
Kino124	1943
Kino125	1943
Kino126	1943
Kino127	1943
Kino128	1940
Kino129A	1942
Kino129B	1943
Kino130	1952
Kino131A-B	1954
Kino132	1949
Kino133	1953
Kino134	1932
Kino135	1939
Kino136	1934
Kino137	1933
Kino138	1936
Kino139	1928
Kino13A	1947
Kino13B	1947
Kino13C	1947
Kino13D	1947
Kino13E	1947
Kino14	NaN
Kino140	1938
Kino141	1938
Kino142A	1919
Kino142B	1919
Kino143A	1935
Kino143B	1930
Kino143C	1930
Kino143D	1930
Kino143E	1930
Kino143F	1927
Kino144A-E	1925
Kino145	1939
Kino146A-B	1938
Kino147A	1933
Kino147B	1935
Kino148	1927
Kino149	1928
Kino15	1953
Kino150	1931
Kino151	1930
Kino152	1925
Kino153A	1925
Kino153B	1933
Kino154	1920
Kino155A	1937
Kino155B	1940
Kino156	1920
Kino157	1925
Kino158	1931
Kino159	1928
Kino16	1929
Kino160	1951
Kino161	1933
Kino162A	1937
Kino162B	1930
Kino162C	1930
Kino163	1932
Kino164A	1930
Kino164B	1930
Kino164C	1943
Kino165	1943
Kino166A	1953
Kino166B	1952
Kino167	1950
Kino168A	1930
Kino168B	1940
Kino168C	1946
Kino168D	1946
Kino168E	1950
Kino169	1939
Kino17	1943
Kino170	1933
Kino171	1942
Kino172	1942
Kino173	1933
Kino174A	1935
Kino174B	1946
Kino175	1933
Kino176	1947
Kino177A	1946
Kino177B	1947
Kino178A	1951
Kino178B	1951
Kino179A	1951
Kino179B	1951
Kino179C	1951
Kino18	1947
Kino180	1952
Kino181	1946
Kino182A	1943
Kino182B	1943
Kino182C	1946
Kino183	1954
Kino184	1920
Kino185	1940
Kino186	1946
Kino187	1940
Kino188	1946
Kino189	1940
Kino19	1946
Kino190A	1934
Kino190B	1934
Kino190C	1937
Kino191	1934
Kino192	1938
Kino193	1940
Kino194A	1943
Kino194B	1944
Kino194C	1946
Kino194D	1947
Kino195	1939
Kino196	1945
Kino197A	1932
Kino197B	1937
Kino197C	1938
Kino197D	1942
Kino198	1934
Kino199	1945
Kino20	1927
Kino200	1940
Kino201	1934
Kino202	1938
Kino203A	1918
Kino203B	1918
Kino204	1906
Kino205	1915
Kino206	1919
Kino207	1927
Kino208	1929
Kino209	1929
Kino21	1930
Kino210	1932
Kino211	1936
Kino212	1946
Kino213A	1957
Kino213B	1941
Kino214	1950
Kino215	1947
Kino216	1930
Kino217	1930
Kino218A	1929
Kino218B	1929
Kino219	1932
Kino22	1931
Kino220	1945
Kino222	1946
Kino223	1946
Kino224	1946
Kino225	1940
Kino226	1940
Kino227A	1946
Kino227B	1946
Kino228	1949
Kino229	1935
Kino23	1927
Kino230	1938
Kino231	1939
Kino232	1939
Kino233	1940
Kino234A	1940
Kino234B	1940
Kino235A-B	1941
Kino236	1940
Kino237A	1948
Kino237B	1948
Kino238	1932
Kino239	1943
Kino24	1936
Kino240	1943
Kino241	1938
Kino242	1937
Kino243	1943
Kino244	1943
Kino245	1938
Kino246	1940
Kino247A-B	1941
Kino248	1937
Kino249	1935
Kino25	1927
Kino250	1946
Kino251	1946
Kino252	1944
Kino253	1946
Kino254	1946
Kino255	1945
Kino256	1938
Kino257	1947
Kino258	1949
Kino259	1949
Kino26	1940
Kino260	1927
Kino261A-B	1943
Kino262	1934
Kino263	1935
Kino264	1935
Kino265	1947
Kino266	1937
Kino267	1938
Kino268	1938
Kino269	1938
Kino27	1925
Kino270	1939
Kino271	1942
Kino272	1949
Kino273	1938
Kino274A	1955
Kino274B	1955
Kino274C	1955
Kino274D	1955
Kino275	1954
Kino276A	1955
Kino276B	1955
Kino277	1956
Kino278	1942
Kino279	1944
Kino28	1939
Kino280A	1941
Kino280B	1941
Kino281	1937
Kino282	1940
Kino283	1942
Kino284	1942
Kino285	1939
Kino286	1944
Kino287	1942
Kino288	1948
Kino289A-C	1950
Kino29	1932
Kino290	1945
Kino291A-B	1949
Kino292	1954
Kino293	1943
Kino294	1943
Kino295A-B	1941
Kino296A-D	1949
Kino297A-D	1950
Kino298A	1936
Kino298B	1936
Kino298C	1936
Kino298D	1936
Kino298E	1936
Kino2B	1925
Kino3	1932
Kino30	1940
Kino300	1944
Kino301	1949
Kino302A-B	1949
Kino304	1937
Kino305	1920
Kino306A-D	1944
Kino307	1926
Kino308	1954
Kino309	1952
Kino31	1943
Kino311A	1918
Kino311B	1930
Kino312A	1920
Kino312B	1925
Kino312C	1928
Kino313A	1940
Kino313B	1940
Kino314	1938
Kino315	1920
Kino316	1940
Kino317	1944
Kino318	1950
Kino319A	1942
Kino319B	1942
Kino319C	1942
Kino319D	1942
Kino32	1931
Kino320A-B	1960
Kino321A-B	1957
Kino322A-B	1958
Kino323A-B	1962
Kino324A-B	1953
Kino325A-B	1936
Kino326	1934
Kino327A-C	1950
Kino328	1917
Kino33	1920
Kino331	1919
Kino337	1920
Kino338	1916
Kino339	1917
Kino34	1925
Kino342	1916
Kino345	1930
Kino346	1936
Kino346-1	1936
Kino346-2	1936
Kino349	1920
Kino35	1933
Kino350	1920
Kino351	1936
Kino36	1930
Kino37	1933
Kino38	1934
Kino39A-B	1935
Kino4	1942
Kino40	1936
Kino41	1936
Kino42	1932
Kino43	1939
Kino44	1933
Kino45	1939
Kino46	1939
Kino47	1937
Kino48	1936
Kino49	1941
Kino5	1928
Kino50	1941
Kino51	1943
Kino52	1944
Kino53A	1943
Kino53B	1943
Kino54	1946
Kino55	1935
Kino56A	1916
Kino56B	1916
Kino57	1920
Kino58A	1930
Kino58B	1930
Kino58C	1947
Kino58D	1939
Kino59	1937
Kino6	1926
Kino60	1926
Kino608	1930
Kino61	1938
Kino614	1937
Kino62	1943
Kino63	1927
Kino64	1920
Kino65	1928
Kino66	1920
Kino67	1942
Kino68A	1941
Kino68B	1942
Kino69	1941
Kino7	1933
Kino70A	1937
Kino70B	1937
Kino70C	1937
Kino71A	1947
Kino71B	1947
Kino72	1946
Kino73	1946
Kino74	1940
Kino75	1939
Kino76A	1942
Kino76B	1942
Kino77A	1942
Kino77B	1942
Kino78	1943
Kino79	1942
Kino8	1935
Kino80	1948
Kino81	1925
Kino82	1936
Kino83	1935
Kino84	1937
Kino85	1935
Kino86	1939
Kino87	1941
Kino88	1941
Kino89	1928
Kino9	1935
Kino90	1932
Kino91	1933
Kino92	1933
Kino93	1933
Kino94	1934
Kino95	1934
Kino96	1934
Kino97	1934
Kino98	1935
Kino99	1934
Nuet100A	1956
Nuet100B	1956
Nuet100C	1956
Nuet101A	1956
Nuet101B	1956
Nuet101C	1956
Nuet101D	1956
Nuet101E	1956
Nuet102A	1956
Nuet102B	1956
Nuet103A	1956
Nuet103B	1956
Nuet103C	1956
Nuet103D	1956
Nuet104-1	1959
Nuet104-2	1959
Nuet104-3	1959
Nuet104-4	1959
Nuet104-5	1959
Nuet104-6	1959
Nuet10A	1953
Nuet10B	1953
Nuet11A	1953
Nuet11B	1953
Nuet12	1953
Nuet13A	1953
Nuet13B	1953
Nuet14	1954
Nuet15A	1954
Nuet15B	1954
Nuet15C	1954
Nuet16A	1954
Nuet16B	1954
Nuet17A	1954
Nuet17B	1954
Nuet18A	1954
Nuet18B	1954
Nuet19A	1954
Nuet19B	1954
Nuet19C	1954
Nuet19D	1954
Nuet19E	1954
Nuet19F	1954
Nuet19G	1954
Nuet19H	1954
Nuet19I	1954
Nuet19J	1954
Nuet19K	1954
Nuet19L	1954
Nuet19M	1954
Nuet1A	1953
Nuet1B	1940
Nuet20A	1954
Nuet20B	1954
Nuet21	1954
Nuet22A	1954
Nuet22B	1954
Nuet23A	1954
Nuet23B	1954
Nuet23C	1954
Nuet24A	1954
Nuet24B	1954
Nuet25A	1954
Nuet25B	1954
Nuet25C	1954
Nuet26A	1954
Nuet26B	1954
Nuet27A	1954
Nuet27B	1954
Nuet28A	1954
Nuet28B	1953
Nuet28C	1954
Nuet29A	1954
Nuet29B	1954
Nuet29C	1954
Nuet2A	1953
Nuet2B	1953
Nuet30A	1954
Nuet30B	1954
Nuet30C	1954
Nuet31A	1954
Nuet31B	1954
Nuet31C	1954
Nuet31D	1954
Nuet32A	1954
Nuet32B	1954
Nuet32C	1954
Nuet33A	1954
Nuet33B	1954
Nuet34A	1954
Nuet34B	1954
Nuet35A	1954
Nuet35B	1954
Nuet36A	1954
Nuet36B	1954
Nuet37	1954
Nuet38A	1954
Nuet38B	1954
Nuet39A	1954
Nuet39B	1954
Nuet39C	1954
Nuet3A	1953
Nuet3B	1953
Nuet40	1954
Nuet41A	1954
Nuet41B	1954
Nuet42A	1954
Nuet42B	1954
Nuet42C	1954
Nuet42D	1954
Nuet43A	1954
Nuet43B	1954
Nuet43C	1954
Nuet44A	1954
Nuet44B	1954
Nuet44C	1954
Nuet45A	1954
Nuet45B	1954
Nuet46A	1954
Nuet46B	1954
Nuet47A	1954
Nuet47B	1954
Nuet47C	1954
Nuet48A	1954
Nuet48B	1954
Nuet48C	1954
Nuet49A	1954
Nuet49B	1954
Nuet49C	1955
Nuet4A	1953
Nuet4B	1953
Nuet4C	1953
Nuet50A	1955
Nuet50B	1955
Nuet51A	1955
Nuet51B	1955
Nuet52A	1955
Nuet52B	1955
Nuet53A	1955
Nuet53B	1955
Nuet53C	1955
Nuet54A	1955
Nuet54B	1955
Nuet54C	1955
Nuet54D	1955
Nuet54E	1955
Nuet54F	1955
Nuet55A	1955
Nuet55B	1955
Nuet55C	1955
Nuet55D	1955
Nuet56	1955
Nuet57A	1955
Nuet57B	1955
Nuet58	1955
Nuet59A	1955
Nuet59B	1955
Nuet60A	1955
Nuet60B	1955
Nuet61A	1955
Nuet61B	1955
Nuet62A	1955
Nuet62B	1955
Nuet62C	1955
Nuet63A	1955
Nuet63B	1955
Nuet63C	1955
Nuet63D	1955
Nuet64A	1955
Nuet64B	1955
Nuet64C	1955
Nuet65A	1955
Nuet65B	1955
Nuet65C	1955
Nuet66A	1955
Nuet66B	1955
Nuet66C	1955
Nuet66D	1955
Nuet67A	1955
Nuet67B	1955
Nuet67C	1955
Nuet68A	1955
Nuet68B	1955
Nuet68C	1955
Nuet69A	1955
Nuet69B	1955
Nuet6A	1953
Nuet6B	1953
Nuet70A	1955
Nuet70B	1955
Nuet71A	1955
Nuet71B	1955
Nuet72A	1955
Nuet72B	1955
Nuet73A	1955
Nuet73B	1955
Nuet74A	1955
Nuet74B	1955
Nuet75A	1955
Nuet75B	1955
Nuet75C	1955
Nuet76A	1955
Nuet76B	1955
Nuet76C	1955
Nuet77A	1955
Nuet77B	1955
Nuet78A	1955
Nuet78B	1955
Nuet79A	1955
Nuet79B	1955
Nuet7A	1953
Nuet7B	1953
Nuet7C	1953
Nuet80A	1955
Nuet80B	1955
Nuet81A	1955
Nuet81B	1955
Nuet81C	1955
Nuet82A	1955
Nuet82B	1955
Nuet82C	1955
Nuet83A	1955
Nuet83B	1955
Nuet83C	1955
Nuet84A	1955
Nuet84B	1955
Nuet84C	1955
Nuet85A	1955
Nuet85B	1955
Nuet86A	1955
Nuet86B	1956
Nuet87A	1956
Nuet87B	1955
Nuet88	1956
Nuet89A	1956
Nuet89B	1956
Nuet8A	1953
Nuet8B	1953
Nuet90A	1956
Nuet90B	1956
Nuet90C	1956
Nuet91A	1956
Nuet91B	1956
Nuet91C	1956
Nuet92A	1956
Nuet92B	1956
Nuet93A	1956
Nuet93B	1956
Nuet93C	1956
Nuet94A	1956
Nuet94B	1956
Nuet95A	1956
Nuet95B	1956
Nuet96A	1956
Nuet96B	1956
Nuet97A	1956
Nuet97B	1956
Nuet98A	1956
Nuet98B	1956
Nuet99A	1956
Nuet99B	1956
Nuet9A	1953
Nuet9B	1953
R1018	1946
R1031	1952
R1032	1944
R1033	1945
R1047	1940
R1048	1940
R1049	1943
R1050	1943
R1060	1943
R1061	1943
R1085	1941
R1086	1941
R1116	1942
R1150	NaN
R1151	NaN
R1152	NaN
R1153	NaN
R1154	NaN
R1155	NaN
R1185	1956
R1187	NaN
R1205	1950
SF1	1914
SF100	1916
SF1000	1938
SF1001A	1938
SF1001B	1938
SF1002	1938
SF1003A	1938
SF1003B	1938
SF1004	1938
SF1006	1939
SF1007	1939
SF1008	1939
SF1009A	1939
SF1009B	1939
SF101	1916
SF1010A	1939
SF1010B	1939
SF1011	1939
SF1012	1939
SF1013A	1939
SF1013B	1939
SF1014	1939
SF1015A	1939
SF1015B	1939
SF1015C	1939
SF1016A	1939
SF1016B	1939
SF1017	1939
SF1018	1939
SF1019	1939
SF102	1916
SF1020A	1939
SF1020B	1939
SF1021	1939
SF1022	1939
SF1023A	1939
SF1023B	1939
SF1024A	1939
SF1024B	1939
SF1024C	1939
SF1024D	1939
SF1025A	1939
SF1025B	1939
SF1025C	1939
SF1025D	1939
SF1026A	1939
SF1026B	1939
SF1026C	1939
SF1027A	1939
SF1027B	1939
SF1027C	1939
SF1027D	1940
SF1028A	1939
SF1028B	1939
SF1028C	1939
SF1029	1939
SF103	1916
SF1030	1939
SF1031	1939
SF1032A	1939
SF1032B	1939
SF1033	1939
SF1034	1939
SF1035	1939
SF1036	1939
SF1037A	1939
SF1037B	1939
SF1037C	1939
SF1037D	1939
SF1037E	1939
SF1037F	1939
SF1037G	1939
SF1038A	1939
SF1038B	1939
SF1039A	1939
SF1039B	1939
SF104	1916
SF1040	1939
SF1041A	1939
SF1041B	1939
SF1042A	1939
SF1042B	1939
SF1042C	1939
SF1043A	1940
SF1043B	1940
SF1043C	1940
SF1043D	1940
SF1043E	1940
SF1043F	1940
SF1044	1940
SF1045A	1940
SF1045B	1940
SF1045C	1940
SF1046	1940
SF1047	1940
SF1048A	1940
SF1048B	1940
SF1049A	1940
SF1049B	1940
SF105	1916
SF1050	1940
SF1051	1940
SF1052A	1940
SF1052B	1940
SF1052C	1939
SF1052D	1939
SF1052E	1939
SF1052F	1939
SF1052G	1939
SF1052H	1939
SF1053A	1940
SF1053B	1940
SF1054	1940
SF1055A	1940
SF1055B	1940
SF1055C	1940
SF1055D	1940
SF1055E	1940
SF1056	1940
SF1057A	1940
SF1057B	1940
SF1058	1940
SF1059A	1940
SF1059B	1940
SF106	1917
SF1060	1940
SF1061A	1940
SF1061B	1940
SF1061C	1940
SF1062A	1940
SF1062B	1940
SF1063A	1940
SF1063B	1940
SF1063C	1940
SF1064A	1940
SF1064B	1940
SF1065	1940
SF1066	1940
SF1067	1940
SF1068	1940
SF1069	1940
SF107	1917
SF1070	1940
SF1071A	1940
SF1071B	1940
SF1072A	1940
SF1072B	1940
SF1072C	1940
SF1072D	1940
SF1073A	1940
SF1073B	1940
SF1074	1940
SF1075	1940
SF1076	1940
SF1077	1940
SF1078A	1941
SF1078B	1941
SF1079A	1941
SF1079B-C	1941
SF108	1917
SF1080	1940
SF1081	1941
SF1082A	1941
SF1082B	1941
SF1083A	1941
SF1083B	1941
SF1084	1941
SF1085	1941
SF1086	1941
SF1087A	1941
SF1087B	1941
SF1088	1941
SF1089	1941
SF109	1916
SF1090	1941
SF1091A	1941
SF1091B	1941
SF1092	1941
SF1093	1941
SF1094A	1941
SF1094B	1941
SF1094C	1941
SF1095	1941
SF1096A	1941
SF1096B	1941
SF1097	1941
SF1098A	1941
SF1098B	1941
SF1099A	1941
SF1099B	1941
SF1099C	1941
SF1099D	1941
SF1099E	1941
SF10A	1914
SF10B	1914
SF11-16	1914
SF1100	1941
SF1101	1941
SF1102A	1941
SF1102B	1941
SF1102C	1941
SF1103	1941
SF1104A	1941
SF1104B	1941
SF1104C	1941
SF1105A	1941
SF1105B	1941
SF1106A	1941
SF1106B	1941
SF1107A	1941
SF1107B	1941
SF1107C	1941
SF1107D	1941
SF1108	1941
SF1109	1941
SF110A	1917
SF110B	1917
SF111	1917
SF1110	1941
SF1111A	1941
SF1111B	1941
SF1111C	1941
SF1112	1941
SF1113A	1942
SF1113B	1941
SF1113C	1941
SF1113D	1942
SF1114A	1942
SF1114B	1942
SF1115A	1942
SF1115B	1942
SF1115C	1942
SF1116A	1942
SF1116B	1942
SF1116C	1942
SF1116D	1942
SF1117	1942
SF1118	1942
SF1119A	1942
SF1119B	1942
SF1119C	1942
SF1119D	1942
SF1119E	1942
SF112	1917
SF1120	1942
SF1121	1942
SF1122	1942
SF1123A	1942
SF1123B	1942
SF1124A	1942
SF1124B	1942
SF1125	1942
SF1126	1942
SF1127A	1942
SF1127B	1942
SF1128A	1942
SF1128B	1942
SF1128C	1942
SF1128D	1942
SF1128E	1943
SF1128F	1942
SF1129	1942
SF113	1917
SF1130A	1942
SF1130B	1942
SF1130C	1942
SF1130D	1942
SF1131A	1942
SF1131B	1942
SF1132	1942
SF1133	1942
SF1133A	1942
SF1134A	1942
SF1134B	1942
SF1135A	1942
SF1135B	1942
SF1135C	1942
SF1136	1942
SF1137A	1942
SF1137B	1942
SF1137C	1942
SF1138	1942
SF1139	1942
SF114	1917
SF1140A	1942
SF1140B	1942
SF1141A	1942
SF1141B	1942
SF1142	1942
SF1143A	1943
SF1143B	1942
SF1144	1943
SF1145A	1943
SF1145B	1943
SF1146	1943
SF1147A	1943
SF1147B	1942
SF1147C	1943
SF1148	1943
SF1149	1943
SF115	1917
SF1150	1943
SF1151	1943
SF1152	1943
SF1153	1943
SF1154	1943
SF1155	1943
SF1156	1943
SF1157	1943
SF1158	1943
SF1159A	1943
SF1159B	1943
SF116	1916
SF1160	1943
SF1161	1943
SF1162A	1943
SF1162B	1943
SF1163	1943
SF1164	1943
SF1165A	1943
SF1165B	1943
SF1165C	1943
SF1166	1943
SF1167	1943
SF1168	1943
SF1169	1943
SF117	1917
SF1170	1943
SF1171A	1943
SF1171B	1939
SF1172	1943
SF1173	1943
SF1174	1943
SF1175	1943
SF1176A	1943
SF1176B	1943
SF1176C	1943
SF1176D	1943
SF1176E	1943
SF1177	1943
SF1178	1943
SF1179	1943
SF118	1917
SF1180	1943
SF1181A	1943
SF1181B	1943
SF1182A	1943
SF1182B	1943
SF1183	1943
SF1184	1943
SF1185	1943
SF1186	1943
SF1187	1943
SF1188A	1943
SF1188B	1943
SF1189	1943
SF119	1917
SF1190	1943
SF1191A	1943
SF1191B	1943
SF1192	1944
SF1193	1944
SF1194	1944
SF1195A	1944
SF1195B	1944
SF1196	1944
SF1197A	1944
SF1197B	1944
SF1198	1944
SF1199	1944
SF120	1917
SF1200	1944
SF1201	1944
SF1202	1944
SF1203	1944
SF1204A	1944
SF1204B	1944
SF1205	1944
SF1206A	1944
SF1206B	1944
SF1207	1944
SF1208	1944
SF1209	1944
SF121	1917
SF1210	1944
SF1211	1944
SF1212	1944
SF1213	1944
SF1214A	1944
SF1214B	1944
SF1214C	1944
SF1219A	1944
SF1219B	1944
SF1220	1944
SF1221	1944
SF1222A	1944
SF1222B	1944
SF1223	1944
SF1224	1944
SF1225	1944
SF1226A	1944
SF1226B	1944
SF1227A	1944
SF1227B	1944
SF1227C	1944
SF1228A	1944
SF1228B	1944
SF1229	1944
SF123	1917
SF1230	1944
SF1231	1944
SF1232	1944
SF1233	1944
SF1234	1944
SF1235	1944
SF1236	1944
SF1237A	1944
SF1237B	1944
SF1238	1944
SF1239	1944
SF124	1917
SF1240	1945
SF1241	1945
SF1242	1945
SF1243	1945
SF1244	1945
SF1245A	1944
SF1245B	1945
SF1246	1945
SF1247A	1945
SF1247B	1945
SF1248A	1945
SF1248B	1945
SF1249	1945
SF125	1917
SF1250	1945
SF1251	1945
SF1252A	1945
SF1252B	1945
SF1252C	1945
SF1253	1945
SF1254A	1945
SF1254B	1945
SF1255A	1945
SF1255B	1945
SF1255C	1945
SF1256A	1945
SF1256B	1945
SF1257	1945
SF1258	1945
SF1259A	1945
SF1259B	1945
SF1259C	1945
SF1259D	1939
SF1259E	1945
SF126	1917
SF1260	1945
SF1261A	1945
SF1261B	1945
SF1262A	1945
SF1262B	1945
SF1263	1945
SF1264	1945
SF1265A	1945
SF1265B	1945
SF1266	1945
SF1267	1945
SF1268	1945
SF1269	1945
SF127	1917
SF1270	1945
SF1271	1945
SF1272	1945
SF1273	1945
SF1274	1945
SF1275	1945
SF1276	1945
SF1277	1945
SF1278A	1945
SF1278B	1945
SF1278C	1945
SF1278D	1945
SF1279	1945
SF1280A	1945
SF1280B	1945
SF1281	1946
SF1282	1946
SF1283A	1946
SF1283B	1946
SF1284	1946
SF1285	1945
SF1286	1946
SF1287	1946
SF1288A	1946
SF1288B	1946
SF1289	1946
SF128A	1917
SF128B	1917
SF129	1917
SF1290A	1946
SF1290B	1946
SF1291	1946
SF1292	1946
SF1293A	1946
SF1293B	1946
SF1294	1946
SF1295	1946
SF1296	1946
SF1297A	1946
SF1297B	1946
SF1298	1946
SF1299	1946
SF130	1917
SF1300	1946
SF1301	1946
SF1302	1946
SF1303A	1946
SF1303B	1946
SF1303C	1946
SF1303D	1946
SF1303E	1946
SF1304A	1946
SF1304B	1946
SF1305A	1946
SF1305B	1946
SF1306A	1946
SF1306B	1946
SF1307	1946
SF1308	1946
SF1309A	1946
SF1309B	1946
SF131	1917
SF1311	1946
SF1312	1946
SF1313	1946
SF1314	1946
SF1315A	1946
SF1315B	1946
SF1316	1946
SF1317	1946
SF1318	1946
SF1319	1946
SF132	1917
SF1320	1947
SF1321	1947
SF1322	1947
SF1323A	1947
SF1323B	1947
SF1323C	1947
SF1324	1947
SF1325	1947
SF1326A	1947
SF1326B	1947
SF1327	1947
SF1328A	1947
SF1328B	1947
SF1329	1947
SF133	1917
SF1330	1947
SF1331	1947
SF1332	1947
SF1333	1947
SF1334	1947
SF1335	1947
SF1336	1947
SF1337	1947
SF1338	1947
SF1339	1947
SF134	1917
SF1340	1947
SF1341	1947
SF1342A	1947
SF1342B	1947
SF1342C	1947
SF1342D	1947
SF1343	1948
SF1344	1947
SF1345	1947
SF1346A	1947
SF1346B	1947
SF1347	1947
SF1348	1947
SF1349	1947
SF135	1917
SF1350	1947
SF1351	1947
SF1352	1947
SF1353	1947
SF1354	1947
SF1355	1947
SF1356	1947
SF1357	1947
SF1358	1947
SF1359	1947
SF136	1917
SF1360	1947
SF1361	1947
SF1362	1948
SF1363	1948
SF1364	1948
SF1365	1948
SF1366	1948
SF1367	1948
SF1368	1948
SF1369	1948
SF137	1917
SF1370	1948
SF1371	1948
SF1372	1948
SF1373	1948
SF1374	1948
SF1375	1948
SF1376	1948
SF1377	1948
SF1378A	1948
SF1378B	1948
SF1379	1948
SF138	1917
SF1380	1948
SF1381A	1948
SF1381B	1948
SF1382A	1948
SF1382B	1948
SF1382C	1948
SF1383	1948
SF1384	1948
SF1385A	1948
SF1385B	1948
SF1385C	1948
SF1386	1948
SF1387	1948
SF1388	1948
SF1389A	1948
SF1389B	1948
SF139	1917
SF1390	1948
SF1391	1948
SF1392	1948
SF1393	1948
SF1394	1948
SF1395	1948
SF1396	1948
SF1397	1948
SF1398	1948
SF1399	1948
SF140	1917
SF1400	1948
SF1401	1948
SF1402	1949
SF1403	1949
SF1404	1949
SF1405	1949
SF1406	1949
SF1407A	1949
SF1407B	1949
SF1408A	1949
SF1408B	1949
SF1409	1949
SF141	1917
SF1410	1949
SF1411	1949
SF1412	1949
SF1413	1949
SF1414	1949
SF1415	1949
SF1416	1949
SF1417	1949
SF1418	1949
SF1419	1949
SF142	1917
SF1420	1949
SF1421	1949
SF1422	1949
SF1423	1949
SF1424	1949
SF1425	1949
SF1426	1949
SF1427	1949
SF1428	1949
SF1429	1949
SF1430	1949
SF1431A	1949
SF1431B	1949
SF1432	1949
SF1433	1949
SF1434	1949
SF1435	1949
SF1436	1949
SF1437	1949
SF1438	1949
SF1439	1949
SF143A	1917
SF143B	1917
SF144	1917
SF1441	1949
SF1442	1950
SF1443	1950
SF1444	1950
SF1445	1950
SF1446	1950
SF1447	1950
SF1448	1950
SF1449	1950
SF145	1917
SF1450	1950
SF1451	1950
SF1452	1950
SF1453	1950
SF1454	1950
SF1455	1950
SF1456	1950
SF1457	1950
SF1458	1950
SF1459	1950
SF146	1917
SF1460A	1950
SF1460B	1950
SF1460C	1950
SF1461	1950
SF1462A	1950
SF1462B	1950
SF1463A	1950
SF1463B	1950
SF1464	1950
SF1465	1950
SF1466A	1950
SF1466B	1950
SF1466C	1950
SF1466D	1950
SF1467	1950
SF1468	1950
SF1469	1950
SF1470	1950
SF1471	1950
SF1472	1950
SF1473	1950
SF1474	1950
SF1475	1950
SF1476	1950
SF1477	1950
SF1478A	1950
SF1478B	1950
SF1479A	1950
SF1479B	1950
SF1479C	1950
SF147A	1917
SF147B	1917
SF147C	1917
SF147D	1917
SF148	1918
SF1480	1951
SF1481	1951
SF1482	1951
SF1483	1951
SF1484	1951
SF1485	1951
SF1486	1951
SF1487	1951
SF1488	1951
SF1489	1951
SF149	1918
SF1490	1951
SF1491	1951
SF1492	1951
SF1493	1951
SF1494	1951
SF1495A	1951
SF1495B	1951
SF1496	1951
SF1497	1951
SF1498	1951
SF1499A	1951
SF1499B	1951
SF1499C	1951
SF150	1918
SF1500A	1951
SF1500B	1951
SF1500C	1951
SF1500D	1951
SF1500E	1948
SF1501	1951
SF1502	1951
SF1503	1951
SF1504A	1951
SF1504B	1951
SF1504C	1951
SF1505	1951
SF1506	1951
SF1507	1951
SF1508	1951
SF1509	1951
SF151	1918
SF1510	1951
SF1511A	1951
SF1511B	1951
SF1512	1951
SF1513A	1951
SF1513B	1951
SF1514	1951
SF1515	1951
SF1516A1	1951
SF1516A2	1951
SF1516B	1952
SF1516C	1952
SF1516D	1952
SF1517	1951
SF1518	1952
SF1519	1952
SF152	1918
SF1520	1952
SF1521	1952
SF1522A	1952
SF1522B	1952
SF1523A	1952
SF1523B	1952
SF1524A	1952
SF1524B	1952
SF1525	1952
SF1526A	1952
SF1526B	1952
SF1526C	1952
SF1527	1952
SF1528A	1952
SF1528B	1952
SF1529A	1952
SF1529B	1952
SF153	1918
SF1530	1952
SF1531A	1952
SF1531B	1952
SF1531C	1952
SF1532	1952
SF1533	1952
SF1534	1952
SF1535	1952
SF1536	1952
SF1537	1952
SF1538	1952
SF1539A	1952
SF1539B	1952
SF1539C	1952
SF154	1918
SF1540A	1952
SF1540B	1952
SF1541A	1952
SF1541B	1952
SF1541C	1952
SF1542A	1952
SF1542B	1952
SF1543	1952
SF1544A	1952
SF1544B	1952
SF1545	1952
SF1546	1952
SF1547	1952
SF1548	1952
SF1549	1952
SF155	1918
SF1550A	1952
SF1550B-C	1952
SF1551	1952
SF1552	1952
SF1553	1952
SF1554	1952
SF1555	1952
SF1556	1952
SF1557	1952
SF1558A	1952
SF1558B	1952
SF1559	1952
SF156	1918
SF1560	1952
SF1561	1952
SF1562	1952
SF1563	1952
SF1564A	1952
SF1564B	1952
SF1565	1953
SF1566A	1953
SF1566B	1953
SF1567	1953
SF1568	1953
SF1569A	1953
SF1569B	1953
SF157	1918
SF1570	1953
SF1571	1953
SF1572	1953
SF1573	1953
SF1574	1953
SF1575	1953
SF1576	1953
SF1577	1953
SF1578A	1953
SF1578B	1953
SF1579	1953
SF158	1918
SF1580	1953
SF1581	1953
SF1582	1953
SF1583	1953
SF1584	1953
SF1585	1953
SF1586	1953
SF1587	1953
SF1588	1953
SF1589	1953
SF159-161	1918
SF1590	1953
SF1591	1953
SF1592A	1953
SF1592B	1953
SF1593	1953
SF1594	1953
SF1595A	1953
SF1595B	1953
SF1596	1953
SF1597A	1953
SF1597B	1953
SF1598	1953
SF1599	1953
SF1600	1953
SF1601	1953
SF1602	1953
SF1603	1953
SF1604A	1953
SF1604B	1953
SF1605A	1953
SF1605B	1953
SF1606A	1953
SF1606B	1953
SF1606C	1954
SF1607A	1953
SF1607B	1954
SF1608	1954
SF1609	1954
SF1610	1954
SF1611	1954
SF1612A	1954
SF1612B	1954
SF1613	1954
SF1614	1954
SF1615	1954
SF1616A	1954
SF1616B	1954
SF1617	1954
SF1618A	1954
SF1618B	1954
SF1619	1954
SF162-164	1918
SF1620	1954
SF1621A	1954
SF1621B	1954
SF1622A	1954
SF1622B	1954
SF1622C	1954
SF1623	1954
SF1624A	1954
SF1624B	1954
SF1625	1954
SF1626A	1954
SF1626B	1954
SF1627	1954
SF1628	1954
SF1629A	1954
SF1629B	1954
SF1629C	1954
SF1630A	1954
SF1630B	1954
SF1631A	1954
SF1631B	1954
SF1632	1954
SF1633A	1954
SF1633B	1954
SF1634	1954
SF1635A	1954
SF1635B	1954
SF1636	1954
SF1637A	1954
SF1637B	1954
SF1638	1954
SF1639	1954
SF1640	1954
SF1641	1954
SF1642	1954
SF1643	1954
SF1644	1954
SF1645	1954
SF1646	1954
SF1647A	1954
SF1647B	1954
SF1647C	1954
SF1648	1954
SF1649	1954
SF165	1918
SF1650	1954
SF1651	1955
SF1652	1955
SF1653	1955
SF1654	1955
SF1655	1955
SF1656A	1955
SF1656B	1955
SF1657A	1955
SF1657B	1955
SF1658	1955
SF1659	1955
SF166	1918
SF1660A	1955
SF1660B	1955
SF1661	1955
SF1662	1955
SF1663	1955
SF1664	1955
SF1665	1955
SF1666	1955
SF1667	1955
SF1668	1955
SF1669	1955
SF167	1918
SF1670	1955
SF1671	1955
SF1672	1955
SF1673	1955
SF1674	1955
SF1675	1955
SF1676	1955
SF1677	1955
SF1678	1955
SF1679	1955
SF168	1918
SF1680A	1955
SF1680B	1955
SF1681	1955
SF1682	1955
SF1683A	1955
SF1683B	1955
SF1684	1955
SF1685	1955
SF1686	1955
SF1687	1955
SF1688	1955
SF1689	1956
SF169	1918
SF1690	1956
SF1691	1956
SF1692	1956
SF1693	1956
SF1694	1956
SF1695	1956
SF1696	1956
SF1697	1956
SF1698	1956
SF1699	1956
SF17	1914
SF170	1918
SF1700	1956
SF1701A	1956
SF1701B	1956
SF1701C	1956
SF1702	1956
SF1703	1956
SF1704A	1956
SF1704B	1956
SF1705	1956
SF1706	1956
SF1707	1956
SF1708	1956
SF1709A	1956
SF1709B	1956
SF1710	1956
SF1711	1956
SF1712A	1956
SF1712B	1956
SF1712C	1956
SF1712D	1956
SF1713	1956
SF1714	1956
SF1715	1956
SF1716	1956
SF1717	1956
SF1718	1956
SF1719	1956
SF172-175	1918
SF1720	1956
SF1721A	1956
SF1721B	1956
SF1721C	1956
SF1722	1956
SF1723	1956
SF1724	1956
SF1725	1956
SF1726	1956
SF1727	1956
SF1728	1956
SF1729	1957
SF1730	1957
SF1731	1957
SF1732	1957
SF1733	1957
SF1734A	1957
SF1734B	1957
SF1735	1957
SF1736	1957
SF1737A	1957
SF1737B	1957
SF1738	1957
SF1739	1957
SF1740	1957
SF1741	1957
SF1742	1957
SF1743	1957
SF1744A	1957
SF1744B	1957
SF1745	1957
SF1746	1957
SF1747	1957
SF1748A	1957
SF1748B	1957
SF1749	1957
SF1750	1957
SF1751	1957
SF1752	1957
SF1753A	1957
SF1753B	1957
SF1754	1957
SF1755	1957
SF1756	1957
SF1757	1957
SF1758	1957
SF1759	1957
SF176	1919
SF1760	1957
SF1761	1957
SF1762A	1957
SF1762B	1958
SF1762C	1957
SF1763	1957
SF1764	1957
SF1765	1957
SF1766	1957
SF1767A	1958
SF1767B	1957
SF1768	1958
SF1769	1958
SF177	1918
SF1770	1958
SF1771	1958
SF1772A	1958
SF1772B	1933
SF1773A	1958
SF1773B	1933
SF1774A	1958
SF1774B	1933
SF1775A	1958
SF1775B	1933
SF1775C	1958
SF1776A	1958
SF1776B	1958
SF1776C	1933
SF1777	1958
SF1778A	1958
SF1778B	1933
SF1779A	1958
SF1779B	1933
SF178	1918
SF1780A	1958
SF1780B	1958
SF1780C	1958
SF1781A	1958
SF1781B	1933
SF1782	1958
SF1783A	1958
SF1783B	1933
SF1784A	1958
SF1784B	1933
SF1784C	1958
SF1785	1958
SF1786	1958
SF1787	1958
SF1788A	1958
SF1788B-C	1958
SF1789A	1958
SF1789B	1958
SF179	1906
SF1790	1958
SF1791	1958
SF1792	1958
SF1793	1958
SF1794	1958
SF1795	1958
SF1796	1958
SF1797	1958
SF1798	1958
SF1799	1958
SF18	1914
SF180	1916
SF1800	1958
SF1801	1958
SF1802	1958
SF1803	1958
SF1804	1958
SF1805	1958
SF1806	1958
SF1807	1933
SF1808	1959
SF1809	1959
SF181	1916
SF1810	1959
SF1811	1959
SF1812	1958
SF1813	1959
SF1814	1959
SF1815	1959
SF1816	1959
SF1817	1959
SF1818	1959
SF1819	1959
SF1820	1938
SF1821A	1959
SF1822	1959
SF1823	1959
SF1824A	1959
SF1824B	1959
SF1825	1934
SF1826	1959
SF1827	1959
SF1828	1959
SF1829	1959
SF1830	1959
SF1831	1959
SF1832A	1959
SF1832B	1959
SF1833	1959
SF1834	1959
SF1835	1959
SF1836	1959
SF1837	1959
SF1838A	1959
SF1838B	1959
SF1839A	1959
SF1839B	1960
SF184	1920
SF1840	1959
SF1841	1959
SF1842	1959
SF1843	1935
SF1844	1960
SF1845	1960
SF1846	1960
SF1847A	1960
SF1847B	1960
SF1848	1960
SF1849	1960
SF185	1919
SF1850	1960
SF1851	1960
SF1852	1960
SF1853	1960
SF1854	1960
SF1855	1960
SF1856	1960
SF1857A	1960
SF1857B	1960
SF1858	1960
SF1859A-B	1960
SF186	1923
SF1860A	1960
SF1860B	1959
SF1860C	1961
SF1861	1936
SF1862	1924
SF1863	1927
SF1864	1961
SF1865A	1962
SF1865B	1960
SF1865C	1961
SF1866A	1960
SF1866B	1964
SF1867A	1946
SF1867B	1946
SF1867C	1946
SF1868A	1931
SF1868B	1931
SF1869A	1931
SF1869B	1931
SF187	1915
SF1870A	1949
SF1870B	1949
SF1871A-C	1925
SF1872A-C	1925
SF1873	1919
SF1874	1914
SF1875A-C	1941
SF1876A-B	1955
SF1877A-B	1926
SF1877C	1934
SF1878	1944
SF1879	1940
SF188	1916
SF1880	1939
SF1881	1957
SF1882A-B	1921
SF1883	1935
SF1884	1949
SF1885A-B	1943
SF1885C	1943
SF1885D	1943
SF1885E	1943
SF1886	1944
SF1887	1948
SF1888	NaN
SF1889A-B	1915
SF189	1910
SF1890A	1916
SF1890B	1916
SF1891A	1916
SF1891B	1916
SF1892A-B	1915
SF1893	1922
SF1894	1914
SF1895	NaN
SF1896	1907
SF1897A	1927
SF1897B	1927
SF1897C	1927
SF1897D	1927
SF1897E	1927
SF1897F	1927
SF1897G	1927
SF1898	1933
SF19	1914
SF190	1913
SF1900A-B	1936
SF1901	1931
SF1902	1932
SF1903	1934
SF1904A-B	1935
SF1905A-B	1930
SF1906A-B	1941
SF1907	1943
SF1909A-C	1923
SF191	1913
SF1910A-B	1932
SF1911	1937
SF1912A	1939
SF1912B	1939
SF1913A-B	1934
SF1914A-B	1939
SF1915	1933
SF1916	1937
SF1917A	1938
SF1917B	1938
SF1918	1935
SF1919A-B	1936
SF192	1920
SF1920A	1929
SF1920B	1930
SF1921	1939
SF1922	1930
SF1923	1934
SF1924	1925
SF1925A-B	1938
SF1926	1938
SF1927A-B	1935
SF1928	1951
SF1929	1932
SF193	1923
SF1930A	1937
SF1930B	1937
SF1931A-B	1937
SF1932	1941
SF1933A-C	1939
SF1934A-D	1938
SF1935A-C	1937
SF1936A-B	1932
SF1937A-B	1935
SF1938A-B	1934
SF1939	1928
SF194	1923
SF1940A-B	1953
SF1941A-B	1932
SF1942A-C	1939
SF1943	1928
SF1944	1928
SF1945A-B	1928
SF1946A	1929
SF1946B	1928
SF1946C	1928
SF1947	1928
SF1948	1928
SF1949	1928
SF195	1914
SF1950	1928
SF1951	1928
SF1952	1930
SF1953	1930
SF1954	1928
SF1955	1928
SF1956A	1930
SF1956B	1930
SF1957	1932
SF1958	1930
SF1959	1932
SF196	NaN
SF1960	1932
SF1961	1933
SF1962	1939
SF1963A	1933
SF1963B	1933
SF1964A-B	1932
SF1965	1938
SF1966	1938
SF1967	1943
SF1968	1943
SF1969A-B	1933
SF197	1919
SF1970	1933
SF1971	NaN
SF1972	1930
SF1973	1925
SF1974A-C	1924
SF1975A-B	1920
SF1976	1919
SF1977	1919
SF1978A	1936
SF1978B	1936
SF1979	1920
SF198	NaN
SF1980A	1920
SF1980B	1920
SF1980D	1920
SF1980E	1920
SF1981	1914
SF1982	1914
SF1983	1914
SF1984	1907
SF1985A-E	1920
SF1986A	1930
SF1986B	1930
SF1986C	1930
SF1986D	1930
SF1986E	1930
SF1986F	1930
SF1986G	1930
SF1987	1943
SF1988	1946
SF1989A	1940
SF1989B	1940
SF199	1921
SF1990A-H	1942
SF1991A	1941
SF1991B	1941
SF1991C	1941
SF1991D	1941
SF1991E	1941
SF1992A-B	1922
SF1993	1918
SF1994	1930
SF1995	1917
SF1996	1917
SF1997	1916
SF1998A	1937
SF1998B	1947
SF1999A	1940
SF1999B	1940
SF1999C	1942
SF2	1914
SF20	1914
SF200	1914
SF2000	1923
SF2001A	1897
SF2001B	1896
SF2002	1897
SF2003	1903
SF2004A	1906
SF2004B	1906
SF2005	1905
SF2006	1907
SF2007	1907
SF2008	1907
SF2009A	1907
SF2009B	1907
SF201	1920
SF2010	1907
SF2011	1907
SF2012	NaN
SF2013	1907
SF2014A	1907
SF2014B	1905
SF2015	1906
SF2016	1908
SF2017	1907
SF2018	1908
SF2019	1908
SF202	1916
SF2020	1908
SF2021A	1908
SF2021B	1908
SF2022	1908
SF2023	1908
SF2024	1908
SF2025	1908
SF2026	1908
SF2027	1908
SF2028	1908
SF2029	1908
SF203	1915
SF2030	1908
SF2031	1908
SF2032	1908
SF2033	1908
SF2034	1908
SF2035	1909
SF2036	1908
SF2037	NaN
SF2038A	1908
SF2038B	1909
SF2039	1909
SF204	1919
SF2040	1908
SF2041	1908
SF2042	1908
SF2043	1908
SF2044	1908
SF2045	1908
SF2046	1910
SF2047	1908
SF2048	1909
SF2049	1909
SF205	1919
SF2050	1909
SF2051	1909
SF2052	1909
SF2054	1909
SF2055	1909
SF2056	1909
SF2057	1908
SF2058	1909
SF2059	1910
SF206	1919
SF2060	1908
SF2061A	1909
SF2061B	1909
SF2061C	1909
SF2062A	1910
SF2062B	1909
SF2063	1909
SF2064A	1909
SF2064B	1909
SF2065	1909
SF2066	1909
SF2067	1909
SF2068	1909
SF2069	1908
SF207	1919
SF2070	1909
SF2071	1909
SF2072	1909
SF2073	1908
SF2074	1906
SF2075	1910
SF2076	1912
SF2077	1909
SF2078	1909
SF2079	1910
SF208	1919
SF2080	1910
SF2081	1909
SF2082	1909
SF2083	1910
SF2084	1909
SF2085	1910
SF2086	1911
SF2087	1911
SF2088	1911
SF2089	1911
SF209	1919
SF2090	1910
SF2091	1908
SF2092	1908
SF2093	1911
SF2094A	1909
SF2094B	1908
SF2095	1910
SF2096	1910
SF2097	1910
SF2098	1910
SF2099A	1910
SF2099B	1910
SF21	1914
SF2100A	1910
SF2100B	1910
SF2101A	1908
SF2101B	1910
SF2102A	1906
SF2102B	1905
SF2103	1911
SF2104	1911
SF2105	1911
SF2106	1911
SF2107	1911
SF2108	1911
SF2109	1911
SF211	1919
SF2110	1911
SF2111	1911
SF2112	1911
SF2113	1911
SF2114	1911
SF2115	1911
SF2116	1910
SF2117	1911
SF2118A	1911
SF2118B	1911
SF2119	1908
SF212	1919
SF2120	1907
SF2121	1910
SF2122	1910
SF2123	1909
SF2124	1916
SF2125	1911
SF2126	1905
SF2127	1903
SF2128	1908
SF2129	1912
SF213	1919
SF2130	1911
SF2131	1911
SF2132	1911
SF2133A	1911
SF2133B	1911
SF2134	1912
SF2135	1912
SF2136	1912
SF2137	1912
SF2138	1912
SF2139	1912
SF214	1919
SF2140A	1912
SF2140B	1912
SF2141A	1912
SF2141B	1911
SF2142	1912
SF2143	1910
SF2144	1912
SF2145	1912
SF2146	1911
SF2147	1905
SF2148	1905
SF2149	1905
SF215	1919
SF2150	1907
SF2151	1907
SF2152	1905
SF2153	1908
SF2154	1909
SF2155	1912
SF2156	1912
SF2157	1912
SF2158	1912
SF2159	1912
SF216	1919
SF2160	1912
SF2161	1912
SF2162	1912
SF2163	1912
SF2164	1912
SF2165	1912
SF2166	1912
SF2167A-B	1912
SF2168	1910
SF2169	1909
SF217	1919
SF2170	1912
SF2171	1913
SF2172	1913
SF2173	1913
SF2174	1913
SF2175	1913
SF2176	1913
SF2177	1913
SF2178	1913
SF2179	1913
SF218	1919
SF2180	1913
SF2181	1913
SF2182	1911
SF2183	1913
SF2184	1913
SF2185	1911
SF2186	1913
SF2187	1913
SF2188	1913
SF2189	1913
SF219	1919
SF2190	1913
SF2191	1913
SF2192	1913
SF2193	1911
SF2194	1913
SF2195	1914
SF2196	1914
SF2197	1913
SF2198	1914
SF2199	1913
SF22	1914
SF2200	1913
SF2201	1910
SF2202	1912
SF2203	1907
SF2204A	1913
SF2204B	1913
SF2205	1912
SF2206	1913
SF2207	1910
SF2208	1915
SF2209A	1911
SF2209B	1911
SF2209C	1910
SF220A	1919
SF220B	1919
SF220C	1919
SF221	1919
SF2210	1910
SF2211	1911
SF2212	1908
SF2213	1907
SF2214	1906
SF2215	1906
SF2216	1908
SF2217	1911
SF2218	1905
SF2219	1905
SF222	1919
SF2220A	1905
SF2220B	1904
SF2220C	1905
SF2220D	1907
SF2220E	1906
SF2220F	1904
SF2221A-J	1961
SF2222	1912
SF2223	1907
SF2224	1913
SF2225A	1913
SF2225B	1913
SF2226	1912
SF2227	1914
SF2228	1914
SF2229	1914
SF223	1919
SF2230	1914
SF2231	1913
SF2232	1914
SF2233	1913
SF2234	1912
SF2235	1914
SF2236	1916
SF2237	1913
SF2238	1914
SF2239	1914
SF224	1919
SF2240	1914
SF2241	1913
SF2242	1914
SF2243	1914
SF2244	1910
SF2245A	1914
SF2245B	1914
SF2245C	1914
SF2245D	1914
SF2246A	1914
SF2246B	1914
SF2247A	1914
SF2247B	1914
SF2248	1914
SF2249	1914
SF225	1919
SF2250	1914
SF2251	1914
SF2252	1914
SF2253	1914
SF2254	1914
SF2255	1914
SF2256	1914
SF2257A	1914
SF2257B	1914
SF2258	1914
SF2259	1914
SF2260	1912
SF2261	1914
SF2262	1911
SF2263	1914
SF2264	1914
SF2265	1914
SF2266	1914
SF2267	1914
SF2268	1914
SF2269	1914
SF226A	1919
SF226B	1919
SF227	1919
SF2270	1914
SF2271A	1915
SF2271B	1915
SF2271C	1915
SF2271D	1915
SF2271E	1915
SF2271F	1915
SF2271G	1915
SF2271H	1915
SF2271I	1915
SF2271J	1915
SF2271K	1915
SF2271L	1915
SF2272	1914
SF2273	1915
SF2274	1915
SF2275	1914
SF2276	1915
SF2277A	1915
SF2277B	1915
SF2278	1915
SF2279	1915
SF228	1919
SF2281	1915
SF2282	1915
SF2283A	1915
SF2283B	1915
SF2283C	1915
SF2284	1915
SF2285	1915
SF2286	1915
SF2287	1915
SF2288	1915
SF2289	1915
SF229	1919
SF2290	1915
SF2291	1915
SF2292	1915
SF2293	1915
SF2294	1915
SF2295	1915
SF2296	1915
SF2297	1915
SF2298	1915
SF2299	1915
SF23	1914
SF230	1919
SF2300	1915
SF2301	1915
SF2303	1915
SF2304	1915
SF2305	1915
SF2306	1915
SF2307	1916
SF2308	1916
SF2309A	1916
SF231	1919
SF2310	1916
SF2311	1916
SF2312	1916
SF2313	1916
SF2314	1915
SF2315	1916
SF2316	1916
SF2317	1916
SF2318	1915
SF2319	1916
SF2320	1916
SF2321	1916
SF2322	1916
SF2324	1916
SF2325	1916
SF2326A	1916
SF2326B	1916
SF2326C	1916
SF2326D	1916
SF2327	1916
SF2328	1916
SF2329A	1916
SF2329B	1916
SF232A	1919
SF232B	1919
SF233	1919
SF2330	1916
SF2331	1916
SF2333	1916
SF2334	1916
SF2335	1916
SF2336	1916
SF2337	1916
SF2338A	1916
SF2338B	1916
SF2339	1916
SF234	1919
SF2340	1916
SF2341A	1917
SF2341B	1917
SF2342	1917
SF2343	1917
SF2344	1916
SF2345	1917
SF2346	1917
SF2347	1917
SF2348	1917
SF2349	1917
SF235	1919
SF2350	1917
SF2351	1915
SF2352	1917
SF2353	1917
SF2354	1916
SF2355A	1917
SF2355B	1917
SF2356	1917
SF2357	1916
SF2358	1917
SF2359	1917
SF236	1919
SF2360A	1914
SF2360B	1914
SF2361	1916
SF2362	1917
SF2363	1917
SF2364	1917
SF2365	1917
SF2366	1918
SF2367	1918
SF2368	1918
SF2369A	1918
SF2369B	1918
SF237	1919
SF2370	1918
SF2371	1917
SF2372A	1917
SF2372B	1916
SF2373	1918
SF2374	1917
SF2375	1918
SF2376	1918
SF2377	1918
SF2378	1918
SF2379	1916
SF238	1919
SF2380A	1916
SF2380B	1916
SF2381A	1916
SF2381B	1916
SF2381C	1916
SF2382A	1917
SF2382B	1917
SF2382C	1917
SF2383	1919
SF2384	1916
SF2385	1917
SF2386	1918
SF2387	1915
SF2388A	1916
SF2388B	1916
SF2389A	1917
SF2389B	1917
SF239	1919
SF2390A	1914
SF2390B	1914
SF2390C	1914
SF2390D	1914
SF2390E	1914
SF2390F	1917
SF2390G	1917
SF2390H	1917
SF2390I	1917
SF2390J	1917
SF2390K	1917
SF2390L	1917
SF2391A	1918
SF2391B	NaN
SF2391C	1918
SF2392	1918
SF2393A	1918
SF2393B	1918
SF2394A	1918
SF2394B	1918
SF2394C	1918
SF2394D	1918
SF2394E	1918
SF2394F	1918
SF2394G	1919
SF2394H	1919
SF2394I	1919
SF2394J	1919
SF2395A	1917
SF2395B	1917
SF2396A	1918
SF2396B	1918
SF2397	1918
SF2398	1915
SF2399	1917
SF24	1914
SF240	1919
SF2400	1917
SF2401	1917
SF2402	1917
SF2403	1916
SF2404	1911
SF2405	1915
SF2406	1912
SF2407	1919
SF2408	1918
SF2409	1918
SF241	1919
SF2410A-C	1918
SF2411	1918
SF2412	1919
SF2413	1920
SF2414	1918
SF2415	1919
SF2416	1920
SF2417	1919
SF2418	1919
SF242	1919
SF2420	1920
SF2421A	1919
SF2421B	1919
SF2422	1920
SF2423	1919
SF2424	1920
SF2425A	1920
SF2425B	1920
SF2426	1920
SF2427A	1920
SF2427B	1920
SF2427C	1920
SF2428A	1914
SF2428B	1922
SF2428C	1921
SF2428D	1922
SF2428E	1922
SF2429	1920
SF243	1919
SF2430	1920
SF2431	1920
SF2432	1920
SF2433	1920
SF2434	1920
SF2435	1920
SF2436	1920
SF2437	1920
SF2438	1920
SF2439	1920
SF244	1919
SF2440A	1913
SF2440B	1924
SF2440C	1924
SF2440D	1924
SF2440E	1924
SF2440F	1924
SF2440G	1924
SF2441	1919
SF2442	1919
SF2443A	1920
SF2443B	1920
SF2444	1919
SF2445	1920
SF2446	1920
SF2447	1920
SF2448	1920
SF2449	1920
SF245	1919
SF2450	1919
SF2451	1920
SF2452	1920
SF2453	1920
SF2454	1920
SF2455	1920
SF2456	1919
SF2457	1920
SF2458	1920
SF2459	1920
SF246	1919
SF2460	1920
SF2461	1920
SF2462	1920
SF2463	NaN
SF2464	1921
SF2465	1921
SF2466	1921
SF2467	1920
SF2468	1922
SF2469	1920
SF247	1919
SF2470	NaN
SF2472	1920
SF2473	1920
SF2474	1923
SF2475	1923
SF2476A	1923
SF2476B	1923
SF2476C	1923
SF2477	1922
SF2478	1922
SF2479A	1921
SF2479B	1924
SF248	1919
SF2480A	1924
SF2480C	1924
SF2482	1923
SF2483	1923
SF2484	1923
SF2485	1923
SF2486	1923
SF2487	1923
SF2488	1923
SF2489	1923
SF249	1920
SF2490	1923
SF2491A-B	1920
SF2492	1924
SF2493	1924
SF2494A	1924
SF2494B	1924
SF2494C	1924
SF2494D	1924
SF2495A	1923
SF2495B-G	1928
SF2496	1922
SF2497	1922
SF2498	1922
SF2499	1920
SF25	1914
SF250	1920
SF2500A	1910
SF2500B	1920
SF2501A-B	1923
SF2502A-B	1926
SF2502C	1926
SF2502D	1926
SF2502E	1926
SF2503A	1926
SF2503B	1926
SF2503C	1926
SF2503D	1926
SF2504	1924
SF2505	1921
SF2506	NaN
SF2507A	1927
SF2507B	1927
SF2508	1925
SF2509	1928
SF251	1920
SF2510	1935
SF2511	1929
SF2512	1925
SF2513	1927
SF2514	1920
SF2515A-B	1927
SF2516	1927
SF2517	1926
SF2518	1927
SF2519A	1927
SF2519B	1927
SF2519C	1927
SF2519D	1927
SF2519E	1927
SF2519F	1927
SF2520	1927
SF2521A	1928
SF2521B	1928
SF2522	1930
SF2523A-B	1928
SF2524A	1928
SF2524B	1928
SF2525	1927
SF2526	1928
SF2527	1928
SF2528A	1929
SF2528B	1929
SF2528C	1929
SF2528D	1929
SF2529	1929
SF253	1920
SF2530	1925
SF2531	1929
SF2532	1929
SF2533	1929
SF2534	1929
SF2535A	1930
SF2535B	1930
SF2536A-E	1930
SF2537A	1930
SF2537B	1930
SF2538	1930
SF2539	1930
SF254	1920
SF2540	1930
SF2541	1930
SF2542A	1930
SF2542C	1930
SF2542D	1930
SF2543A	1930
SF2543B	1930
SF2544	1929
SF2545A	1930
SF2545B	1930
SF2545C	1930
SF2545D	1930
SF2545E	1930
SF2546	1930
SF2547	1923
SF2548A-B	1930
SF2549	1929
SF255-256	1920
SF2550A	1931
SF2550B	1931
SF2551	1930
SF2553A	1930
SF2553B	1930
SF2554	1932
SF2555	1926
SF2556	1930
SF2557A	1927
SF2557B	1927
SF2558A-B	1931
SF2559	1931
SF2560	1931
SF2561	1931
SF2562A	1931
SF2562B	1931
SF2563	1931
SF2564	1931
SF2565	1931
SF2566	1931
SF2567	1931
SF2568A-B	1931
SF2569A	1930
SF2569B	1930
SF2569C	1930
SF257	1920
SF2570	1930
SF2571A-C	1962
SF2572	1930
SF2573A-C	1927
SF2573D	1935
SF2574	1927
SF2575	1927
SF2576	1927
SF2577	1927
SF2578	1927
SF2579	1930
SF258	1920
SF2580	1930
SF2581	1927
SF2582	1927
SF2583	1927
SF2584	1935
SF2585	1927
SF2586	1927
SF2587	1927
SF2588	1931
SF2589	1931
SF259	1929
SF2590	1931
SF2591	1931
SF2592	1932
SF2593	1932
SF2594	1932
SF2595A-C	1932
SF2596A-B	1932
SF2597A-C	1932
SF2598A	1932
SF2598B	1932
SF2599	1934
SF26	1914
SF2600	1932
SF2601	1932
SF2602	1931
SF2603	1932
SF2604	1932
SF2605A-B	1932
SF2605C	1932
SF2606	1932
SF2607	1932
SF2608	1931
SF2609A	1932
SF2609B	1932
SF260A	1920
SF260B	1920
SF261	1920
SF2610	1932
SF2611A	1932
SF2611B	1932
SF2612	1933
SF2613	1930
SF2614A-F	1933
SF2615A-E	1932
SF2616	1933
SF2617	1933
SF2618	1933
SF2619	1936
SF262	1920
SF2620	1934
SF2621	1934
SF2622A-B	1934
SF2623A	1934
SF2623B	1934
SF2624	1934
SF2625	1934
SF2626A	1905
SF2626B	1924
SF2626C	1931
SF2627	1933
SF2628	1933
SF2629	1933
SF263	1920
SF2630A	1934
SF2630B	1934
SF2630C	1934
SF2631	1933
SF2632	1933
SF2633	1934
SF2634	1933
SF2635A	1936
SF2635B	NaN
SF2636	1934
SF2637A	1933
SF2637B	1933
SF2638A	1934
SF2638B	1934
SF2639	1934
SF264	1920
SF2640	1934
SF2641	1934
SF2642	1934
SF2643	1934
SF2644A	1917
SF2644B	1917
SF2646	1934
SF2647	1934
SF2648	1934
SF2649	1935
SF265	1920
SF2650A	1936
SF2650B	1936
SF2650C	1936
SF2650D	1936
SF2650E	1936
SF2651A-G	1936
SF2652A	1936
SF2652B	1936
SF2653A	1936
SF2653B	1936
SF2653C	1936
SF2653D	1936
SF2653E	1936
SF2653F	1936
SF2653G	1936
SF2653H	1936
SF2653I	1936
SF2653J	1936
SF2654	1930
SF2655	1935
SF2656A	1939
SF2656B	1916
SF2657	1956
SF2658	1936
SF2659A	1935
SF2659B	1935
SF2659C	1935
SF2659D	1935
SF266	1920
SF2660A	1935
SF2660B	1935
SF2661A	1935
SF2661B	1935
SF2661C	1935
SF2662	1935
SF2663	1935
SF2664	1935
SF2665	1912
SF2666A	NaN
SF2666B	1937
SF2667	1934
SF2668	1932
SF2669	1938
SF267	1920
SF2670A-D	1938
SF2670E	1938
SF2670F	1938
SF2671A	1941
SF2671B	1941
SF2671C	1941
SF2672	1936
SF2673	1938
SF2674A	1938
SF2674B	1938
SF2675A	1933
SF2675B	1933
SF2676	1938
SF2677A-B	1938
SF2678	1939
SF2679	1931
SF268	1920
SF2680	1931
SF2681	1939
SF2682A	1939
SF2682B	1939
SF2682C	1939
SF2683	1939
SF2684	1939
SF2685	1939
SF2686	1939
SF2687	1938
SF2688	1935
SF2689	NaN
SF269	1920
SF2690	1939
SF2691	1940
SF2692	1941
SF2693	1934
SF2694	1934
SF2695	1935
SF2696	1936
SF2697	1936
SF2698	1935
SF2699	1935
SF27	1914
SF270	1920
SF2700	1940
SF2701	1914
SF2702	1939
SF2703	1937
SF2704	1940
SF2705	1940
SF2706	1940
SF2707	1940
SF2708	1940
SF2709	1940
SF271	1920
SF2710	1940
SF2711	1940
SF2712	1940
SF2713	1940
SF2714	1940
SF2715	1940
SF2716	1940
SF2717	1939
SF2718	1939
SF2719	1940
SF272	1920
SF2720	1941
SF2721	1941
SF2722	1939
SF2723	1940
SF2724A-B	1940
SF2725	1940
SF2726	NaN
SF2727	1940
SF2728	1940
SF2729	1939
SF273	1920
SF2730	1939
SF2731	1939
SF2732	1943
SF2733	1941
SF2734	1941
SF2735A	1941
SF2735B	1941
SF2736	1938
SF2737	1942
SF2738	1942
SF2739A	1938
SF2739B	1941
SF274	1920
SF2740	1941
SF2741	1941
SF2742A	1941
SF2742B	1941
SF2743A	1943
SF2743B	1943
SF2743C	1943
SF2744	1944
SF2745	1943
SF2746	1915
SF2747	1919
SF2748	1915
SF2749	1915
SF275	1920
SF2750	1915
SF2751	1916
SF2752	1916
SF2753	1916
SF2754	1917
SF2755	1915
SF2756	1919
SF2757	1920
SF2758	1920
SF2759	1921
SF276	1920
SF2760	1922
SF2761	1915
SF2762	1934
SF2763	1930
SF2764	1930
SF2765	1930
SF2766	1930
SF2767	1931
SF2768	1945
SF2769	1945
SF277	1920
SF2770A	1945
SF2770B	1945
SF2770C	1945
SF2770D	1945
SF2771	1945
SF2772	1945
SF2773	1945
SF2774	1945
SF2775	1945
SF2776A-B	1945
SF2777	1945
SF2778	1945
SF2779	1945
SF278	1920
SF2780	1945
SF2781	1945
SF2782	1945
SF2783	1942
SF2784	1938
SF2785	1934
SF2786	1935
SF2787	1939
SF2788	1939
SF2789	1930
SF279	1920
SF2790	1934
SF2791	1937
SF2792	1938
SF2794	1941
SF2795	1936
SF2796	1937
SF2797	1939
SF2798	1939
SF2799	1941
SF28	1915
SF280	1920
SF2800	1930
SF2801	1936
SF2802	1937
SF2803	1947
SF2804	1947
SF2805	1933
SF2806	1933
SF2807	1916
SF2808	1908
SF2809	1945
SF281	1920
SF2810	1946
SF2811	1936
SF2812	1939
SF2813	1939
SF2814	1936
SF2815	1941
SF2816A	1945
SF2816B	1945
SF2817	1946
SF2818A	1951
SF2818B	1948
SF2818C	1950
SF2819	1935
SF282	1920
SF2820A-B	1957
SF2821A-B	1942
SF2822	1954
SF2823A-B	1956
SF2824	1946
SF2825A	1947
SF2825B	1947
SF2826	1914
SF2827	1946
SF2828	1949
SF2829A-B	1962
SF283	1920
SF2830	1956
SF2831A-C	1965
SF2832	NaN
SF2833	1955
SF2834	1961
SF2835	1907
SF2837A	1950
SF2837B	1950
SF2838A	1950
SF2838B	1950
SF2839A	1948
SF2839B	1948
SF284	1920
SF2840	1949
SF2841	1946
SF2842	1933
SF2843	1948
SF2844A-B	1937
SF2845	1947
SF2846	1938
SF2848	1943
SF2849	1943
SF285	1920
SF2850	1923
SF2851	1938
SF2852A-B	1936
SF2853	1935
SF2854A	1935
SF2854B	1935
SF2855D	1943
SF2856A-B	1958
SF2857A-B	1944
SF2858	1948
SF2859	1934
SF286	1920
SF2860	1936
SF2861	1942
SF2862	1943
SF2863A	1919
SF2863B	1919
SF2863C	1919
SF2863D	1919
SF2863E	1919
SF2863F	1919
SF2863G	1919
SF2863H	1919
SF2863I	1919
SF2863J	1919
SF2863K	1919
SF2863L	1919
SF2864A	1921
SF2864B	1921
SF2864C	1921
SF2864D	1921
SF2864E	1921
SF2864F	1921
SF2865	1937
SF2866	1938
SF2867	1938
SF2868A-E	1938
SF2869	1936
SF287	1920
SF2870	1936
SF2871A	1936
SF2871B	NaN
SF2872	1938
SF2873	1938
SF2874	1938
SF2875	1938
SF2876	1938
SF2877	1939
SF2878	1938
SF2879	1938
SF288	1920
SF2880	1939
SF2881	1939
SF2882	1938
SF2883	1938
SF2884	1938
SF2885A	1938
SF2885B-C	1938
SF2886	1939
SF2887	1939
SF2888	1939
SF2889	1939
SF289	1920
SF2890	1939
SF2891B	1939
SF2892	1935
SF2893	1937
SF2894	1939
SF2895	1938
SF2896	1939
SF2897A-E	1951
SF2898A	1946
SF2898B	1946
SF2898C	1946
SF2898D	1946
SF2898E	1946
SF2898F	1946
SF2898G	1946
SF2899A-H	1953
SF29	1915
SF290	1920
SF2900A-B	1965
SF2901A	1939
SF2901B	1939
SF2901C	1939
SF2902	1939
SF2903	1939
SF2904A	1939
SF2904B	1942
SF2905	1939
SF2906	1938
SF2907	1939
SF2908	188
SF2909A-B	1939
SF291	1920
SF2910	1939
SF2911A	1940
SF2911B	1940
SF2912	1941
SF2914	1941
SF2915	1941
SF2916	1941
SF2917	1939
SF2918	1936
SF2919	1936
SF292	1920
SF2920	1941
SF2921	1941
SF2922	1939
SF2923	1939
SF2924	1941
SF2925A-C	1939
SF2925D-E	1939
SF2925F	1919
SF2926A-D	1941
SF2927	1939
SF2928A-C	1951
SF2929	1944
SF293	1920
SF2930A-B	1944
SF2931A-B	1945
SF2932	1949
SF2933	1942
SF2934	1942
SF2935A-B	1943
SF2936	1941
SF2937	1942
SF2938	1944
SF2939	1943
SF294	1920
SF2940	1943
SF2941	1944
SF2942	1943
SF2943	1942
SF2944	1943
SF2945	1943
SF2946A-B	1944
SF2947	1945
SF2948A	1945
SF2948B	1945
SF2949	1941
SF295	1921
SF2950A-D	1944
SF2951	1942
SF2952	1935
SF2953	1921
SF2954	1938
SF2955	1942
SF2956	1941
SF2957	1942
SF2958	1944
SF2959	1947
SF296	1921
SF2960A	1948
SF2960B	1948
SF2961A-C	1951
SF2962A-B	NaN
SF2963	1936
SF2964	1944
SF2965A-B	1944
SF2966	1942
SF2967A	1945
SF2967B	1945
SF2967C	1945
SF2968	1936
SF2969	1936
SF297	1921
SF2970	1936
SF2971	1936
SF2972	1936
SF2973	1936
SF2974	1936
SF2975	1939
SF2976	1938
SF2977	1939
SF2978A-B	1950
SF2979	1945
SF298	1921
SF2980	1945
SF2981A	1945
SF2981B	1927
SF2982A	1946
SF2982B	1936
SF2983	1944
SF2984A	1946
SF2984B	1946
SF2985A	1945
SF2985B	1945
SF2986	1947
SF2987	1947
SF2988	1947
SF2989	1946
SF299	1921
SF2990	1948
SF2991	1949
SF2992	1949
SF2993	1949
SF2994	1949
SF2995	1946
SF2996A	1946
SF2996B	1946
SF2996C	1946
SF2996D	1946
SF2997A-E	1945
SF2997F	1945
SF2998A-F	1935
SF2998G	1935
SF2999	1950
SF3	1914
SF30	1915
SF300	1921
SF3000	1953
SF3001	1947
SF3002	1943
SF3003	1948
SF3004A-B	1948
SF3005	1951
SF3006	1947
SF3007A-C	1949
SF3008A	1950
SF3008B	1950
SF3009A-D	1947
SF3010	1948
SF3011A-B	1950
SF3012A	1950
SF3012B	1950
SF3012C	1950
SF3013	1950
SF3014	1951
SF3015A	1949
SF3015B	1949
SF3016	1922
SF3017	1930
SF3018	1911
SF3019A	1924
SF3019B	1924
SF301A	1921
SF301B	1921
SF302	1921
SF3020	1920
SF3021A	1923
SF3021B	1923
SF3022	1923
SF3023	1923
SF3024	1923
SF3025	1923
SF3026	1923
SF3027	1923
SF3028	1922
SF3029	1922
SF303	1921
SF3030	1923
SF3031	1923
SF3032A-B	1923
SF3033	1923
SF3034	1923
SF3035	1923
SF3036A-C	1923
SF3037A-B	1926
SF3037C-D	1926
SF3038A	1919
SF3038B	1919
SF3038C	1919
SF3038D	1919
SF3038E	1919
SF3038F	1919
SF3038G	1919
SF3039	1924
SF304	1921
SF3040A	1936
SF3040B	1910
SF3041	1927
SF3042	1926
SF3043	1914
SF3044	1928
SF3045	1928
SF3046	1910
SF3047	1931
SF3048	1930
SF3049	1928
SF305	1921
SF3050	1918
SF3051A	1929
SF3051B	1929
SF3051C	1929
SF3052A	1932
SF3052B	1932
SF3052C	1932
SF3052D	1932
SF3053A	1931
SF3053B	1931
SF3054	1931
SF3055	1930
SF3056	1931
SF3057	1932
SF3058	1931
SF3059	1932
SF306	1921
SF3060	1926
SF3061	NaN
SF3062	1930
SF3063	1929
SF3064	1922
SF3065	1935
SF3066	1934
SF3067	1929
SF3068	1928
SF3069	1928
SF307	1921
SF3070	1930
SF3071	1945
SF3072	1920
SF3073	1919
SF3074	1932
SF3075	1946
SF3076A	1946
SF3076B	1946
SF3076C	1946
SF3076D	1946
SF3076E	1946
SF3076F	1946
SF3077	1943
SF3078	1943
SF3079	1943
SF308	1921
SF3080	1949
SF3081	1943
SF3082	1949
SF3083	1943
SF3084	1949
SF3085	1943
SF3086	1938
SF3087	1947
SF3088A	1950
SF3088B	1950
SF3089	1946
SF309	1921
SF3090	1923
SF3091	1937
SF3092	1946
SF3093A-B	1936
SF3094	1936
SF3095	1936
SF3096	1936
SF3097	1936
SF3098	1937
SF3099	1936
SF31	1915
SF310	1921
SF3100	1920
SF3101	1946
SF3102	1949
SF3103A-C	1952
SF3104	1940
SF3105	1935
SF3106	1916
SF3107A-B	1950
SF3108A-B	1922
SF3109A-B	1955
SF311	1921
SF3110A-B	1955
SF3111A	1933
SF3111B	1933
SF3112	1931
SF3113	1929
SF3114	1923
SF3115	1933
SF3116	1933
SF3117	1933
SF3118	1934
SF3119	1934
SF3120	1934
SF3121	1934
SF3122	NaN
SF3123	1934
SF3124	1934
SF3125	1934
SF3126	1936
SF3127	1934
SF3128	1934
SF3129	1934
SF312A	1921
SF312B	1921
SF313	1921
SF3130	1935
SF3131	1952
SF3132	1934
SF3133	1910
SF3134	1935
SF3135	1934
SF3136	1934
SF3137	1935
SF3138	1935
SF3139	1935
SF314	1921
SF3140	1934
SF3141	1935
SF3142	1935
SF3143	1935
SF3144	1935
SF3145	1936
SF3146A-D	1932
SF3147	1936
SF3148	1935
SF3149	1936
SF3150	1936
SF3151	1935
SF3152	1935
SF3153	NaN
SF3154	1935
SF3155	1935
SF3156	1935
SF3157	1935
SF3158	1935
SF3159	1936
SF315A	1921
SF315B	1921
SF316	1921
SF3160	1936
SF3161A-C	1935
SF3162	1935
SF3163	1936
SF3164	1936
SF3165	1919
SF3166	1921
SF3167	1917
SF3168	1936
SF3169A	1938
SF3169B	1938
SF3170A	1938
SF3170B	1938
SF3171A	1936
SF3171B	1936
SF3171C	1936
SF3172A	1936
SF3172B	1936
SF3172C	1936
SF3173	1936
SF3174A-C	1938
SF3175	1930
SF3176	1920
SF3177	1934
SF3178	1935
SF3179	1935
SF317A	1921
SF317B	1921
SF318	1921
SF3180	1936
SF3181	1936
SF3182	1935
SF3183	1935
SF3184	1935
SF3185	1935
SF3186	1935
SF3187	1935
SF3188	1934
SF3189	1934
SF319	1921
SF3190A	1936
SF3190B	1936
SF3191	1935
SF3192A	1936
SF3192B	1936
SF3192C	1936
SF3193A	1937
SF3193B	1937
SF3194	1930
SF3195	1937
SF3196	1936
SF3197	1936
SF3198	1936
SF3199	1936
SF32	1915
SF320	1921
SF3200A	1951
SF3200B	1951
SF3201	1936
SF3202	1936
SF3203	1937
SF3205A	1935
SF3206	NaN
SF3208	1938
SF3209	1940
SF3210	1938
SF3211	1938
SF3212	1938
SF3213	1937
SF3214	1937
SF3215	1938
SF3216A	1949
SF3216B	1949
SF3217	1953
SF3218A	1935
SF3218B	1935
SF3219	1954
SF321A-B	1921
SF322	1921
SF3220A	1953
SF3220B	1953
SF3221A	1955
SF3221B	1955
SF3222	1955
SF3223	1950
SF3224	1940
SF3226	1950
SF3227A	1961
SF3227B	1961
SF3228	1953
SF3229	1953
SF323	1921
SF3230	1953
SF3231	1953
SF3232A-B	1962
SF3233A	1912
SF3233B	1912
SF3234	1964
SF3235	1965
SF3236A-B	1965
SF3237	1965
SF3238A-B	1965
SF3239A	1965
SF3239B	1965
SF324	1921
SF3240A	1948
SF3240B	1948
SF3240C	1948
SF3241A	1948
SF3241B	1948
SF3241C	1948
SF3241D	1948
SF3242A	1948
SF3242B	1948
SF3242C	1948
SF3242D	1948
SF3242E	1948
SF3243	1952
SF3244	1952
SF3245	1952
SF3246	1927
SF3247	1948
SF3248	1948
SF3249	1922
SF325	1921
SF3250A-C	1944
SF3251	1952
SF3252A	1956
SF3252B	1956
SF3253A	1952
SF3253B	1952
SF3253C	1952
SF3253D	1952
SF3254	1953
SF3255A	1961
SF3255B	1961
SF3255C	1961
SF3255D	1961
SF3255E	1953
SF3255F	1953
SF3256A	1933
SF3256B	1922
SF3257	1908
SF3258	1930
SF3259	1931
SF326	1921
SF3260	1932
SF3261A-E	1954
SF3262A	1946
SF3262B	1946
SF3263	1909
SF3264	1910
SF3265	1955
SF3266A	1934
SF3266B	1934
SF3266C	1934
SF3267	1964
SF3268A	1918
SF3268B	1930
SF3269	1915
SF327	1921
SF3270	1920
SF3271	1930
SF3272A	1930
SF3272B	1930
SF3273	1936
SF3274A	1950
SF3274B	1952
SF3275A	1941
SF3275B	1952
SF3275C	1954
SF3276A	1942
SF3276B	1944
SF3276C	1954
SF3277A	1916
SF3277B	1939
SF3278	1940
SF3279	NaN
SF328	1921
SF3280	1947
SF3281	1940
SF3282A	1936
SF3282B	1952
SF3283	1951
SF3284	1911
SF3285A	1937
SF3285B	1951
SF3286	1936
SF3287	NaN
SF3288	1954
SF3289A	1954
SF3289B	1954
SF3289C	1954
SF329	1921
SF3290	1936
SF3291	1946
SF3292	1954
SF3293	1954
SF3294	1954
SF3295	1954
SF3296A	1951
SF3296B	1951
SF3297	1953
SF3298A-B	1954
SF3299	NaN
SF33	1915
SF330	1921
SF3300	1951
SF3301A	1955
SF3301B	1955
SF3302	1955
SF3303	1961
SF3304	1963
SF3305	1957
SF3306	1966
SF3307	1957
SF3308	1966
SF3309A	1966
SF3309B	1966
SF3309C	1966
SF331	1921
SF3310	1961
SF3311A	1956
SF3311B	1956
SF3311C	1957
SF3311D	1959
SF3311E	1962
SF3311F	1938
SF3311G	1966
SF3312	1945
SF3313A	NaN
SF3313B	NaN
SF3314	1949
SF3315	1946
SF3316	1951
SF3317A	1950
SF3317B	1950
SF3318	1952
SF3319A	1962
SF3319B	1962
SF332	1921
SF3320	1904
SF3321	1939
SF3322A-B	1920
SF3323	1926
SF3324	1947
SF3325A	1926
SF3325B	1926
SF3325C	1926
SF3325D	1926
SF333	1921
SF3330A	1954
SF3330B	1954
SF3330C	1959
SF3330D	1963
SF3331	1958
SF3332	1960
SF3333	1955
SF3334	1958
SF3335	1959
SF3336	1959
SF3337	1958
SF3338	1959
SF3339	1958
SF334	1921
SF3340	1955
SF3341	1955
SF3342A	1961
SF3342B	1961
SF3342C	1961
SF3343	1948
SF3344	NaN
SF3345	1958
SF3346	1960
SF3347	1956
SF3348	1955
SF3349	1956
SF335	1921
SF3350A	1956
SF3350B	1956
SF3351	NaN
SF3352	1951
SF3353	1938
SF3354	1933
SF3355	1944
SF3356	1930
SF3357A	1957
SF3357B	1957
SF3358	1952
SF3359	1940
SF336	1921
SF3360	1935
SF3361	1935
SF3362	1934
SF3363	1940
SF3364	1938
SF3365	1945
SF3366	1945
SF3367	1945
SF3368	1945
SF3369	1945
SF337	1921
SF3370A	1931
SF3370B	1931
SF3371	1930
SF338	1921
SF339	1921
SF34	1915
SF340	1922
SF341	1922
SF342	1922
SF343	1922
SF344	1922
SF345	1922
SF346	1922
SF347	1922
SF348	1922
SF349	1922
SF35	1915
SF350	1922
SF351	1922
SF352	1922
SF353	1922
SF354	1922
SF355	1922
SF356	1922
SF357	1922
SF358	1922
SF359	1922
SF36	1915
SF360A	1922
SF360B	1922
SF360C	1922
SF361A	1922
SF361B	1922
SF362	1922
SF363	1922
SF364	1922
SF365	1922
SF366	1922
SF367A	1922
SF367B	1922
SF367C	1922
SF367D	1922
SF367E	1922
SF368	1922
SF369	1922
SF37	1915
SF370	1922
SF371	1922
SF372	1922
SF373	1922
SF374	1922
SF375	1922
SF376	1922
SF377	1922
SF378	1922
SF379A	1922
SF379B	1922
SF38	1915
SF380	1922
SF381	1923
SF382	1923
SF383A-B	1923
SF384	1923
SF385	1923
SF386	1923
SF387	1923
SF388	1923
SF389	1923
SF39	1915
SF390	1923
SF391	1923
SF392	1923
SF393	1923
SF394	1923
SF395	1923
SF396	1923
SF397	1923
SF398	1923
SF399	1923
SF4	1914
SF40	1915
SF400	1923
SF401	1923
SF402A-C	1923
SF402D	1923
SF403A-B	1923
SF403C	1923
SF404	1923
SF405	1923
SF406A	1923
SF406B	1923
SF407	1923
SF408	1923
SF409	1923
SF41	1915
SF410	1923
SF411	1923
SF412	1923
SF413	1923
SF414	1923
SF415	1923
SF416	1923
SF417	1923
SF418	1923
SF419	1923
SF42	1915
SF420	1923
SF421A	1923
SF421B	1923
SF422	1923
SF423	1923
SF424	1924
SF425	1924
SF426	1924
SF427	1924
SF428	1924
SF429	1924
SF43	1915
SF430	1924
SF431	1924
SF432	1924
SF433	1924
SF434	1924
SF435	1924
SF436	1924
SF437	1924
SF438	1924
SF439	1924
SF44	1915
SF440	1924
SF441	1924
SF442A	1924
SF442B	1924
SF443	1924
SF444	1924
SF445	1924
SF446A	1924
SF446B	1924
SF447A	1924
SF447B	1924
SF448	1924
SF449	1924
SF45	1915
SF450	1924
SF451	1924
SF452	1924
SF453	1924
SF454	1924
SF455	1924
SF456	1924
SF457	1924
SF458	1924
SF459	1924
SF46	1915
SF460	1924
SF461	1924
SF462	1924
SF463	1925
SF464	1925
SF465	1925
SF466	1925
SF467	1925
SF468	1925
SF469	1925
SF47	1915
SF470	1925
SF471A	1925
SF471B	1925
SF471C-D	1925
SF472	1925
SF473	1925
SF474	1925
SF475	1925
SF476	1925
SF477	1925
SF478	1925
SF479	1925
SF48	1915
SF480	1925
SF481	1925
SF482A	1925
SF482B	1925
SF483A	1925
SF483B	1925
SF484A	1925
SF484B	1925
SF484C-D	1925
SF484E	1925
SF485	1925
SF486	1925
SF487	1925
SF488A	1925
SF488B	1925
SF488C	1925
SF489	1925
SF49	1915
SF490	1925
SF491	1925
SF492	1925
SF493	1925
SF494	1925
SF495	1925
SF496	1925
SF497	1925
SF498	1925
SF499	1925
SF5	1914
SF50	1915
SF500	1925
SF501	1926
SF502	1926
SF503	1926
SF504	1926
SF505	1926
SF506	1926
SF507	1926
SF508	1926
SF509	1926
SF51	1915
SF510	1926
SF511	1926
SF512	1926
SF513	1926
SF514	1926
SF515	1926
SF516	1926
SF517	1926
SF518	1926
SF519	1926
SF52	1915
SF520	1926
SF521A	1926
SF521B	1926
SF521C	1926
SF522	1926
SF523A	1926
SF523B	1926
SF524	1926
SF525	1926
SF526	1926
SF527A	1926
SF527B	1926
SF528	1926
SF529	1926
SF53	1915
SF530	1926
SF531	1926
SF532	1926
SF533	1926
SF534	1926
SF535	1926
SF536	1926
SF537	1926
SF538	1926
SF539	1926
SF54	1915
SF540	1927
SF541	1927
SF542	1927
SF543	1927
SF544	1927
SF545	1927
SF546	1927
SF547	1927
SF548	1927
SF549	1927
SF55	1915
SF550	1927
SF551	1927
SF552	1927
SF553	1927
SF554	1927
SF555	1927
SF556A	1927
SF556B	1927
SF557	1927
SF558	1927
SF559	1927
SF560	1927
SF561A	1927
SF561B	1927
SF561C	1927
SF562A	1927
SF562B	1927
SF563A	1927
SF563B	1927
SF563C	1927
SF564	1927
SF565	1927
SF566A	1927
SF566B	1927
SF567	1927
SF568	1927
SF569	1927
SF56A	1915
SF56B	1915
SF57	1915
SF570	1927
SF571	1927
SF572	1927
SF573	1927
SF574	1927
SF575	1927
SF576	1927
SF577	1927
SF578	1927
SF579	1927
SF58	1915
SF580	1927
SF581	1927
SF582	1928
SF583	1928
SF584	1928
SF585A	1928
SF585B	1928
SF586	1928
SF587	1928
SF588	1928
SF589	1928
SF59	1915
SF590	1928
SF591	1928
SF592	1928
SF593	1928
SF594	1928
SF595	1928
SF596	1928
SF597	1928
SF598	1928
SF599	1928
SF6	1914
SF60	1915
SF600	1928
SF601A	1928
SF601B	1928
SF601C	1928
SF601D	1928
SF602	1928
SF603A	1928
SF603B	1928
SF603C	1928
SF604A	1928
SF604B	1928
SF605	1928
SF606A	1928
SF606B	1928
SF607	1928
SF608A	1928
SF608B	1928
SF609	1928
SF61	1915
SF610	1928
SF611A	1928
SF611B	1928
SF612	1928
SF613	1928
SF614	1928
SF615	1928
SF617	1928
SF618B	1928
SF619	1928
SF62-63	1915
SF620	1928
SF621	1929
SF622	1929
SF623	1929
SF624	1929
SF625	1929
SF626	1929
SF627	1929
SF628	1929
SF629	1929
SF630A	1929
SF630B	1929
SF630C	1929
SF631A	1929
SF631B	1929
SF632	1929
SF633	1929
SF634	1929
SF635	1929
SF636	1929
SF637	1929
SF638	1929
SF639	1929
SF64-67	1915
SF640	1929
SF641A	1929
SF641B	1929
SF642A	1929
SF642B	1929
SF643	1929
SF644	1929
SF645	1929
SF646	1929
SF647	1929
SF648	1929
SF649	1929
SF650	1929
SF651	1929
SF652	1929
SF653	1929
SF654	1929
SF655	1929
SF656	1929
SF657	1929
SF660	1930
SF661	1930
SF662	1930
SF663A	1930
SF663B	1930
SF664	1930
SF665	1930
SF666	1930
SF667A	1930
SF667B	1930
SF668	1930
SF669	1930
SF670	1930
SF671	1930
SF672	1930
SF673	1930
SF674A	1930
SF674B	1930
SF675	1930
SF676	1930
SF677	1930
SF678A	1930
SF678B	1930
SF679A	1930
SF679B	1930
SF679C	1930
SF68	1916
SF680	1930
SF681	1930
SF682	1930
SF683	1930
SF684	1930
SF685	1930
SF686	1930
SF687	1930
SF688	1930
SF689	1930
SF69	1916
SF690	1930
SF691	1930
SF692	1930
SF693	1930
SF694	1930
SF695	1930
SF696	1930
SF697	1931
SF698	1931
SF699	1931
SF7	1914
SF70	1916
SF700	1931
SF701	1931
SF702	1931
SF703	1931
SF704	1931
SF705	1931
SF706	1931
SF707	1931
SF708A	1931
SF708B	1931
SF709A	1931
SF709B	1931
SF71	1916
SF710	1931
SF711	1931
SF712	1931
SF713	1931
SF714	1931
SF715	1931
SF716A	1931
SF716B	1931
SF717A	1931
SF717B	1931
SF718	1931
SF719	1931
SF72	1916
SF720	1931
SF721	1931
SF722	1931
SF723A	1931
SF723B	1931
SF724	1931
SF725	1931
SF726	1931
SF727	1931
SF728	1931
SF729A	1931
SF729B	1931
SF73	1916
SF730	1931
SF731	1931
SF732	1931
SF733	1931
SF734	1931
SF735	1932
SF736	1932
SF737	1932
SF738	1932
SF739A	1932
SF739B	1932
SF739C	1932
SF74	1916
SF740	1932
SF741	1932
SF742	1932
SF743	1932
SF744A	1932
SF744B	1932
SF745	1932
SF746A	1932
SF746B	1932
SF747	1932
SF748	1932
SF749	1932
SF75	1916
SF750	1932
SF751	1932
SF752A	1932
SF752B	1932
SF753A	1932
SF753B	1932
SF754	1932
SF755	1932
SF756A	1932
SF756B	1932
SF757A	1932
SF757B	1932
SF758	1932
SF759	1932
SF76	1916
SF760	1932
SF761	1932
SF763	1932
SF764A-B	1932
SF764C	1932
SF765	1932
SF766	1932
SF767	1932
SF768A	1932
SF768B	1932
SF769A	1932
SF769B	1932
SF769D	1932
SF769E	1932
SF769F	1932
SF769G	1932
SF769H	1932
SF77	1916
SF770A	1932
SF770B	1932
SF770C	1933
SF771	1933
SF772	1933
SF773	1933
SF774	1933
SF775	1933
SF776A	1933
SF776B	1933
SF777	1933
SF778A	1933
SF778B	1933
SF779	1933
SF78	1916
SF780A	1933
SF780B	1933
SF781	1933
SF782	1933
SF783	1933
SF784	1933
SF785	1933
SF786	1933
SF787A	1933
SF787B	1933
SF788	1933
SF789	1933
SF790A	1933
SF790B	1933
SF790C	1933
SF790D	1933
SF791A	1933
SF791B	1933
SF792A	1933
SF792B	1933
SF793	1933
SF794	1933
SF795A	1933
SF795B	1933
SF796	1933
SF797	1933
SF798	1933
SF799	1933
SF8	1914
SF80	1916
SF800	1933
SF801	1933
SF802	1933
SF803	1933
SF804	1933
SF805	1933
SF806	1933
SF807	1933
SF808	1933
SF809A	1933
SF809B	1933
SF81	1916
SF811A	1934
SF811B	1934
SF813	1934
SF814	1934
SF815	1934
SF816A	1934
SF816B	1934
SF816C	1934
SF817	1934
SF818	1934
SF819	1934
SF82	1916
SF820	1934
SF821	1934
SF822A	1934
SF822B	1934
SF823	1934
SF824	1934
SF825	1934
SF826A	1934
SF826B	1934
SF827A	1934
SF827B	1934
SF828A	1934
SF828B	1934
SF828C	1934
SF829A	1934
SF829B	1934
SF829C	1934
SF829D	1934
SF83	1916
SF830	1934
SF831	1934
SF832	1934
SF833	1934
SF834	1934
SF835	1934
SF836	1934
SF837	1934
SF838A	1934
SF838B	1934
SF839A	1934
SF839B	1934
SF84	1916
SF840	1934
SF841A	1934
SF841B	1934
SF842	1934
SF843	1934
SF844A	1934
SF844B	1934
SF845	1934
SF846	1934
SF847A	1934
SF847B	1934
SF848A	1934
SF848B	1934
SF848C	1934
SF849	1935
SF85	1916
SF850A	1935
SF850B	1935
SF851	1935
SF852	1935
SF853A	1935
SF853B	1935
SF854	1935
SF855A	1935
SF855B	1935
SF856	1935
SF857	1935
SF858	1935
SF859	1935
SF86	1916
SF860	1935
SF861A	1935
SF861B	1935
SF862	1935
SF863A	1935
SF863B	1935
SF864A	1935
SF864B	1935
SF865A	1935
SF865B	1935
SF865C	1935
SF866A	1935
SF866B	1935
SF866C	1935
SF866D	1935
SF866E	1935
SF866F	1935
SF867A	1935
SF867B	1935
SF867C	1935
SF867D	1935
SF867E	1935
SF868A	1935
SF868B	1935
SF869A	1935
SF869B	1935
SF87-88	1916
SF870	1935
SF871A	1935
SF871B	1935
SF871C	1935
SF872	1935
SF873	1935
SF874	1935
SF875A	1935
SF875B	1935
SF876A	1935
SF876B	1935
SF876C	1935
SF877A	1935
SF877B	1935
SF878A	1935
SF878B	1935
SF878C	1935
SF878D	1935
SF879A	1935
SF879B	1935
SF879C	1935
SF879D	1935
SF879E	1935
SF880	1935
SF881A	1935
SF881B	1935
SF882A	1935
SF882B	1935
SF883	1935
SF884A	1935
SF884B	1935
SF884C	1935
SF885A	1935
SF885B	1935
SF886	1935
SF887	1935
SF888	1936
SF889A	1936
SF889B	1936
SF89	1916
SF890	1936
SF891A	1936
SF891B	1936
SF891C	1936
SF891D	1936
SF891E	1936
SF891F	1936
SF892A	1936
SF892B	1936
SF893	1936
SF894	1936
SF895	1936
SF896A	1936
SF896B	1936
SF897	1936
SF898	1936
SF899A	1936
SF899B	1936
SF9	1914
SF90	1916
SF900A	1936
SF900B	1936
SF900C	1936
SF901A	1936
SF901B	1936
SF902A	1936
SF902B	1936
SF903	1936
SF904	1936
SF905A	1936
SF905B	1936
SF906	1936
SF907A	1936
SF907B	1936
SF908A	1936
SF908B	1934
SF908C	1936
SF908D	1936
SF908E	1936
SF908F	1934
SF908G	1936
SF909A	1936
SF909B	1936
SF909C	1934
SF909D	1936
SF909E	1936
SF910A	1936
SF910B	1936
SF910C	1936
SF910D	1936
SF911	1936
SF912A	1936
SF912B	1936
SF913	1936
SF914A	1936
SF914B	1936
SF915A	1936
SF915B	1936
SF915C	1936
SF916A	1936
SF916B	1936
SF917	1936
SF918A	1936
SF918B	1936
SF919A	1936
SF919B	1936
SF919C	1936
SF91A	1916
SF91B	1916
SF92	1916
SF920	1936
SF921	1936
SF922	1936
SF923	1936
SF924A	1936
SF924B	1935
SF925A	1936
SF925B	1936
SF925C	1936
SF926A	1936
SF926B	1937
SF927A	1937
SF927B	1937
SF928	1937
SF929	1937
SF93	1916
SF930A	1937
SF930B	1937
SF931A	1937
SF931B	1937
SF931C	1937
SF931D	1937
SF932A	1937
SF932B	1937
SF932C	1937
SF933A	1937
SF933B	1937
SF934	1937
SF935	1937
SF936A	1937
SF936B	1937
SF937	1937
SF938A	1937
SF938B	1937
SF939A	1937
SF939B	1937
SF939C	1937
SF94	1916
SF940A	1937
SF940B	1937
SF941	1937
SF942	1937
SF943A	1937
SF943C	1937
SF945A	1937
SF945B	1937
SF945C	1937
SF945D	1937
SF945E	1937
SF945F	1937
SF945G	1933
SF945H	1936
SF945I	1937
SF946A	1937
SF946B	1937
SF946C	1937
SF947A	1937
SF947B	1937
SF948	1937
SF949A	1937
SF949B	1937
SF95	1916
SF950	1937
SF951	1937
SF952	1937
SF953A	1937
SF953B	1937
SF953C	1937
SF954	1937
SF955A	1937
SF955B	1937
SF955C	1937
SF955D	1937
SF955E	1937
SF956A	1937
SF956B	1937
SF957	1937
SF958A	1937
SF958B	1937
SF959	1937
SF96	1916
SF960A	1937
SF960B	1937
SF961	1937
SF962	1937
SF963	1937
SF964A	1937
SF964B	1937
SF965	1937
SF966A	1938
SF966B	1938
SF967A	1938
SF967B	1938
SF968	1938
SF969	1938
SF97	1916
SF970A	1938
SF970B	1938
SF970C	1938
SF971	1938
SF972	1938
SF973	1938
SF974A	1938
SF974B	1938
SF975A	1938
SF975B	1938
SF975C	1938
SF975D	1938
SF976	1938
SF977A	1938
SF977B	1938
SF978	1938
SF979	1938
SF98	1916
SF980	1938
SF981	1938
SF982A	1938
SF982B	1938
SF982C	1938
SF982D	1938
SF982E	1938
SF982F	1938
SF983A	1938
SF983B	1938
SF984	1938
SF985A	1938
SF985B	1938
SF985C	1938
SF986A	1938
SF986B	1938
SF986C	1938
SF987A	1938
SF987B	1937
SF987C	1937
SF988	1938
SF989	1938
SF99	1916
SF990A	1938
SF990B	1938
SF990C	1938
SF991	1938
SF992A	1938
SF992B	1938
SF992C	1938
SF993A	1938
SF993B	1938
SF994A	1938
SF994B	1938
SF994C	1938
SF995	1938
SF996A	1938
SF996B	1938
SF997	1938
SF998	1938
SF999	1938
SJ-ISAM	NaN
SJ-Inlandsbanan	1937
SJ-Jarnvagsmuseum	1935
SJ-Mosskultur	1920
SJ-Rattvik	1943
SJ-Rodakorset	1930
SJ-StockholmC	1920
SJ-Svarton	1920
SJ-Trafik	1930
SJ-Udsigt	1940
SJ-Utstall	1927
SJ-Vastkusten	1920
SJ1	1956
SJ10	1942
SJ100	1939
SJ103	1940
SJ104	1942
SJ109	1943
SJ11	NaN
SJ110	1945
SJ111	NaN
SJ112	NaN
SJ118	NaN
SJ119	1945
SJ12	1954
SJ123A	1948
SJ123B	1948
SJ125	1942
SJ129	1948
SJ131	1947
SJ132	1944
SJ134	1947
SJ135	1948
SJ136	1947
SJ138	1946
SJ139	1948
SJ14	1940
SJ140	1920
SJ141	1940
SJ142	1942
SJ143	1940
SJ146	1940
SJ148A	1947
SJ148B	1947
SJ149A	1949
SJ149B	1949
SJ149C	1949
SJ15	1946
SJ152	1942
SJ156	1942
SJ158	1942
SJ159	1947
SJ160	1943
SJ161	1945
SJ164	1947
SJ169	1945
SJ16A	1954
SJ16B	1954
SJ17	1961
SJ170	1942
SJ173A	1940
SJ173B	1940
SJ173C	1940
SJ174	1954
SJ179	1948
SJ182	1941
SJ188	1947
SJ19	1950
SJ194	NaN
SJ196	1945
SJ197	1923
SJ2	1940
SJ20	1930
SJ203A	NaN
SJ203B	NaN
SJ204	1944
SJ205A	1920
SJ205B	1920
SJ207A	1929
SJ207B	1929
SJ207C	1929
SJ207D	1929
SJ207E	1929
SJ207F	1929
SJ208A	1920
SJ208B	1920
SJ209	1927
SJ210	NaN
SJ211	1935
SJ212A	1943
SJ212B	1920
SJ213	1941
SJ215	1929
SJ216	NaN
SJ217	1923
SJ218	NaN
SJ219	1948
SJ22	1958
SJ23	1951
SJ24	NaN
SJ26	NaN
SJ27	1928
SJ3	NaN
SJ30	1940
SJ31	NaN
SJ33	1942
SJ35	1950
SJ38	1945
SJ39	1945
SJ4	1947
SJ40	1942
SJ41	1945
SJ42	1945
SJ43	1945
SJ44	1930
SJ44x	1937
SJ49	1945
SJ5	NaN
SJ50	1945
SJ51A	1951
SJ51B	1951
SJ54	NaN
SJ56	1946
SJ58	1947
SJ62	1956
SJ63	1950
SJ65	1952
SJ66	1953
SJ70	1935
SJ71	1956
SJ73	1945
SJ74	1945
SJ8	1961
SJ87	1946
SJ90	1954
SJ91	1944
SJ93	1949
SJ94	1946
SJ96	1942
SJ97	1942
SJ98	1944
SJlok612	NaN
